,Name,Email,Age,Months of subscription,Subscription,Premium,Profit/User,Usage,Flac Usage,Customer Type,State,Payment Method,Card Number,Created Year,Created Time,Customer Rating,Avatar,Phone Number,Current Occupation,Account creation Date,Subscription Lifetime(months),CLV,Spotify Age of Customer
0,Ginnifer Domniney,gdomniney0@unicef.org,45.0,2018.0,Family Plan subscription,No,1484.507,Android,No,0,TX,mastercard,5.58E+15,2018.0,4:56,2.0,http://dummyimage.com/107x159.jpg/ff4444/ffffff,577-884-6621,Other,5/17/2019,4,2629.014,77
1,Avis Schowenburg,aschowenburg1@shareasale.com,62.0,2018.0,Free users subscription,Yes,7617.625,MAC,No,1,NV,jcb,3.58E+15,2018.0,12:18,2.0,http://dummyimage.com/184x105.png/cc0000/ffffff,825-713-5097,Home maker,3/18/2019,0,14895.25,137
2,Cly Isted,cisted2@istockphoto.com,22.0,2018.0,1 year subscription,Yes,6632.419,Windows,No,1,CA,jcb,3.54E+15,2019.0,11:33,4.0,http://dummyimage.com/114x248.bmp/cc0000/ffffff,282-273-4944,Home maker,8/28/2018,12,12924.838,339
4,Dulcie De Beneditti,dde4@techcrunch.com,31.0,2018.0,3 month subscription,No,7236.021,Windows,Yes,0,TX,solo,6.33E+15,2018.0,9:38,5.0,http://dummyimage.com/201x151.bmp/dddddd/000000,764-630-5447,Unemployed,8/30/2017,3,14132.042,702
6,Ayn Bendix,abendix6@blog.com,27.0,2018.0,Free users subscription,Yes,3955.478,Android,No,0,PA,diners-club-carte-blanche,3.02E+13,2018.0,21:56,3.0,http://dummyimage.com/107x150.jpg/cc0000/ffffff,457-723-9507,Businessman,1/21/2019,0,7570.956,193
8,Elicia Alcido,ealcido8@thetimes.co.uk,17.0,2018.0,6 month subscription,Yes,6932.268,Android,No,0,TX,jcb,3.53E+15,2018.0,21:49,5.0,http://dummyimage.com/238x129.jpg/cc0000/ffffff,469-505-1279,Student,2/7/2019,6,13524.536,176
9,Jewelle Verbrugghen,jverbrugghen9@ebay.co.uk,40.0,2018.0,Student Plan subscription,Yes,9234.201,Android,No,1,MN,visa,4.04E+12,2019.0,13:19,4.0,http://dummyimage.com/180x222.jpg/dddddd/000000,660-684-3261,Working Professional,10/5/2017,24,18128.402,666
10,Marni Algeo,malgeoa@i2i.jp,67.0,2018.0,1 month subscription,No,8932.053,UNIX,Yes,1,NJ,jcb,3.58E+15,2018.0,18:40,5.0,http://dummyimage.com/140x118.jpg/5fa2dd/ffffff,285-464-2222,Businessman,8/9/2018,1,17524.106,358
21,Samara Youthed,syouthedl@paginegialle.it,58.0,2018.0,1 month subscription,No,9604.575,Android,Yes,0,MI,jcb,3.58E+15,2019.0,4:29,5.0,http://dummyimage.com/172x101.bmp/ff4444/ffffff,822-276-6510,Other,6/12/2018,1,18869.15,416
24,Bogey Gravy,bgravyo@samsung.com,39.0,2018.0,Free users subscription,Yes,1450.511,Android,No,1,CA,maestro,6.05E+14,2018.0,21:46,5.0,http://dummyimage.com/181x111.png/dddddd/000000,935-805-6502,Other,8/9/2017,0,2561.022,723
26,Carolin Fallis,cfallisq@fc2.com,61.0,2018.0,1 month subscription,Yes,742.503,Windows,Yes,0,FL,switch,6.33E+17,2018.0,6:08,3.0,http://dummyimage.com/203x220.bmp/cc0000/ffffff,750-779-2849,Home maker,10/8/2018,1,1145.006,298
27,Gillian Pavolini,gpavolinir@infoseek.co.jp,18.0,2018.0,1 month subscription,No,964.729,Android,No,1,FL,diners-club-carte-blanche,3.04E+13,2018.0,16:32,3.0,http://dummyimage.com/142x104.png/ff4444/ffffff,335-963-5103,Unemployed,11/6/2017,1,1589.458,634
28,Eleen Gildersleeve,egildersleeves@prweb.com,23.0,2018.0,1 year subscription,Yes,1540.077,MAC,No,0,WA,jcb,3.57E+15,2018.0,4:57,3.0,http://dummyimage.com/183x145.png/5fa2dd/ffffff,381-697-0394,Unemployed,2/20/2019,12,2740.154,163
31,Sonnie Mityakov,smityakovv@princeton.edu,70.0,2018.0,Student Plan subscription,No,1493.2,Android,No,1,PA,jcb,3.55E+15,2019.0,21:48,4.0,http://dummyimage.com/144x208.jpg/ff4444/ffffff,482-576-4756,Home maker,5/5/2018,24,2646.4,454
37,Jacquetta Casacchia,jcasacchia11@netlog.com,19.0,2018.0,Free users subscription,No,3416.438,Android,Yes,0,NY,jcb,3.58E+15,2018.0,9:43,5.0,http://dummyimage.com/126x191.png/cc0000/ffffff,913-263-6328,Student,6/4/2018,0,6492.876,424
42,Bibby Malzard,bmalzard16@google.fr,68.0,2018.0,Free users subscription,No,5646.739,Windows,Yes,1,FL,diners-club-carte-blanche,3.01E+13,2019.0,21:39,2.0,http://dummyimage.com/219x125.png/dddddd/000000,721-128-7770,Home maker,5/7/2018,0,10953.478,452
43,Alessandra Berndt,aberndt17@ox.ac.uk,50.0,2018.0,6 month subscription,No,4160.244,UNIX,Yes,1,KS,diners-club-enroute,2.02E+14,2018.0,21:17,2.0,http://dummyimage.com/165x238.bmp/ff4444/ffffff,488-645-4617,Unemployed,9/1/2018,6,7980.487999999999,335
45,Staci Willeman,swilleman19@simplemachines.org,15.0,2018.0,3 month subscription,Yes,1886.065,Windows,Yes,1,NC,jcb,3.56E+15,2018.0,10:27,3.0,http://dummyimage.com/115x250.bmp/cc0000/ffffff,836-602-2266,Student,5/29/2019,3,3432.13,65
46,Clio Shadwick,cshadwick1a@theguardian.com,68.0,2018.0,Student Plan subscription,Yes,9138.022,MAC,No,1,LA,laser,6.77E+16,2019.0,8:23,4.0,http://dummyimage.com/231x208.bmp/ff4444/ffffff,774-544-0008,Other,1/10/2018,24,17936.044,569
48,Glennis Henriksson,ghenriksson1c@feedburner.com,54.0,2018.0,Student Plan subscription,No,1298.001,Android,No,0,GA,americanexpress,3.38E+14,2018.0,8:41,5.0,http://dummyimage.com/199x141.bmp/dddddd/000000,726-997-8033,Home maker,8/18/2017,24,2256.002,714
56,Binni Accomb,baccomb1k@feedburner.com,65.0,2018.0,Student Plan subscription,No,9699.587,Android,No,1,TX,jcb,3.53E+15,2018.0,1:57,4.0,http://dummyimage.com/180x146.bmp/cc0000/ffffff,545-720-4497,Home maker,8/25/2018,24,19059.174,342
58,Halimeda Weafer,hweafer1m@uol.com.br,47.0,2018.0,3 month subscription,Yes,244.637,Windows,Yes,1,CT,jcb,3.57E+15,2018.0,15:57,2.0,http://dummyimage.com/124x192.png/5fa2dd/ffffff,347-966-3337,Businessman,4/5/2019,3,149.274,119
59,Lauren Leavesley,lleavesley1n@irs.gov,26.0,2018.0,Free users subscription,Yes,9947.238,Windows,No,0,IA,jcb,3.53E+15,2019.0,15:59,5.0,http://dummyimage.com/157x198.jpg/cc0000/ffffff,487-935-1596,Home maker,4/21/2018,0,19554.476,468
61,Griffie Tidd,gtidd1p@dmoz.org,57.0,2018.0,3 month subscription,Yes,8002.63,Android,No,1,CA,jcb,3.57E+15,2019.0,16:57,5.0,http://dummyimage.com/174x188.jpg/cc0000/ffffff,405-927-4904,Working Professional,5/11/2019,3,15665.26,83
65,Burke Robertsson,brobertsson1t@lulu.com,36.0,2018.0,Student Plan subscription,No,5613.068,UNIX,Yes,0,PA,jcb,3.57E+15,2018.0,2:34,4.0,http://dummyimage.com/117x207.bmp/dddddd/000000,461-872-2050,Student,10/26/2018,24,10886.136,280
66,Brandie Edel,bedel1u@cbc.ca,37.0,2018.0,3 month subscription,No,1005.824,Windows,No,1,TX,mastercard,5.05E+15,2018.0,13:36,3.0,http://dummyimage.com/200x131.jpg/cc0000/ffffff,321-415-7927,Unemployed,5/10/2019,3,1671.648,84
68,Barbette Goutcher,bgoutcher1w@microsoft.com,55.0,2018.0,Free users subscription,Yes,1587.924,Android,Yes,1,WV,maestro,6.76E+16,2019.0,23:31,4.0,http://dummyimage.com/123x225.png/ff4444/ffffff,820-713-9199,Businessman,1/17/2019,0,2835.848,197
70,Ariella Klainman,aklainman1y@un.org,48.0,2018.0,6 month subscription,Yes,3724.377,Windows,Yes,0,TX,visa,4.04E+15,2018.0,13:22,4.0,http://dummyimage.com/236x231.jpg/5fa2dd/ffffff,619-883-5250,Other,4/28/2018,6,7108.754,461
71,Giles Gavigan,ggavigan1z@furl.net,45.0,2018.0,Free users subscription,No,6984.005,Windows,No,0,GA,maestro,5.89E+15,2019.0,14:28,4.0,http://dummyimage.com/142x138.png/dddddd/000000,589-845-8255,Other,4/3/2019,0,13628.01,121
72,Thayne Kirsche,tkirsche20@yahoo.com,17.0,2018.0,1 month subscription,No,4631.673,Android,No,0,NV,jcb,3.55E+15,2019.0,6:15,5.0,http://dummyimage.com/221x179.bmp/cc0000/ffffff,334-107-8814,Home maker,2/28/2019,1,8923.346,155
75,Gae Bownde,gbownde23@columbia.edu,50.0,2018.0,6 month subscription,No,9105.293,Windows,Yes,1,FL,maestro,6.76E+17,2018.0,5:53,5.0,http://dummyimage.com/239x140.png/ff4444/ffffff,762-133-4799,Other,1/28/2019,6,17870.586,186
78,Doralynn Byrkmyr,dbyrkmyr26@booking.com,15.0,2018.0,Free users subscription,No,4892.933,UNIX,Yes,1,NJ,jcb,3.56E+15,2019.0,21:11,3.0,http://dummyimage.com/129x183.bmp/dddddd/000000,565-320-7455,Working Professional,11/19/2017,0,9445.866,621
80,Nolie Ciubutaro,nciubutaro28@amazonaws.com,49.0,2018.0,Family Plan subscription,Yes,7113.14,UNIX,No,0,NM,americanexpress,3.74E+14,2018.0,22:52,3.0,http://dummyimage.com/113x129.jpg/ff4444/ffffff,318-805-2022,Businessman,3/8/2019,4,13886.28,147
85,Claudelle Mansion,cmansion2d@unc.edu,19.0,2018.0,Family Plan subscription,Yes,3444.103,UNIX,Yes,1,NY,visa-electron,4.41E+15,2018.0,7:43,4.0,http://dummyimage.com/170x115.jpg/5fa2dd/ffffff,394-672-7609,Other,3/24/2018,4,6548.206,496
86,Vernice Butting,vbutting2e@yelp.com,24.0,2018.0,1 month subscription,No,4212.726,MAC,Yes,1,CA,jcb,3.56E+15,2018.0,4:26,3.0,http://dummyimage.com/238x214.jpg/5fa2dd/ffffff,335-287-9778,Home maker,11/8/2017,1,8085.451999999999,632
91,Krishnah Clayden,kclayden2j@i2i.jp,65.0,2018.0,3 month subscription,No,4545.009,Windows,No,0,GA,jcb,3.55E+15,2018.0,21:34,3.0,http://dummyimage.com/137x243.bmp/dddddd/000000,256-977-4303,Working Professional,9/23/2017,3,8750.018,678
94,Claretta Coverley,ccoverley2m@tinypic.com,15.0,2018.0,6 month subscription,No,4136.28,UNIX,No,0,AL,instapayment,6.40E+15,2018.0,7:12,4.0,http://dummyimage.com/204x108.png/ff4444/ffffff,789-678-4429,Unemployed,8/13/2017,6,7932.5599999999995,719
99,Cayla Frederick,cfrederick2r@hostgator.com,59.0,2018.0,Student Plan subscription,Yes,2954.093,UNIX,No,0,TX,china-unionpay,5.60E+15,2018.0,0:23,4.0,http://dummyimage.com/203x127.png/5fa2dd/ffffff,307-885-6760,Businessman,4/20/2019,24,5568.186,104
100,Nelie Hayselden,nhayselden2s@ebay.co.uk,43.0,2018.0,3 month subscription,No,8498.543,UNIX,No,0,OH,china-unionpay,5.60E+17,2018.0,10:38,3.0,http://dummyimage.com/146x114.bmp/dddddd/000000,526-534-3211,Working Professional,3/15/2019,3,16657.086,140
102,Bunny Osboldstone,bosboldstone2u@soundcloud.com,60.0,2018.0,Student Plan subscription,No,4928.057,MAC,No,0,NY,diners-club-carte-blanche,3.00E+13,2018.0,8:25,4.0,http://dummyimage.com/141x138.bmp/dddddd/000000,617-569-7837,Businessman,5/23/2019,24,9516.114,71
107,Janela Steljes,jsteljes2z@epa.gov,24.0,2018.0,Student Plan subscription,No,9478.809,Windows,Yes,1,CA,maestro,5.89E+15,2019.0,11:05,3.0,http://dummyimage.com/139x139.jpg/cc0000/ffffff,604-259-6594,Working Professional,2/25/2019,24,18617.618,158
108,Mayor McKimmie,mmckimmie30@wikispaces.com,19.0,2018.0,Student Plan subscription,Yes,9821.752,UNIX,No,1,OH,jcb,3.56E+15,2018.0,13:59,3.0,http://dummyimage.com/243x207.bmp/5fa2dd/ffffff,668-991-6560,Home maker,1/10/2019,24,19303.504,204
110,Nat Ainsby,nainsby32@seattletimes.com,70.0,2018.0,6 month subscription,Yes,6349.346,UNIX,Yes,1,NY,jcb,3.53E+15,2018.0,19:37,3.0,http://dummyimage.com/160x152.bmp/cc0000/ffffff,137-861-7776,Unemployed,9/7/2017,6,12358.692,694
111,Katha Mullan,kmullan33@sourceforge.net,48.0,2018.0,6 month subscription,Yes,3022.212,Android,Yes,1,CA,maestro,6.30E+15,2019.0,6:31,3.0,http://dummyimage.com/191x213.jpg/ff4444/ffffff,768-250-8306,Unemployed,11/9/2017,6,5704.424,631
112,Morissa Sillars,msillars34@smugmug.com,43.0,2018.0,1 month subscription,No,1219.454,MAC,No,1,FL,jcb,3.56E+15,2018.0,14:22,4.0,http://dummyimage.com/219x133.png/5fa2dd/ffffff,518-546-2306,Businessman,9/12/2018,1,2098.908,324
113,Diann Delos,ddelos35@wunderground.com,70.0,2018.0,Free users subscription,Yes,3655.87,Android,Yes,1,IA,jcb,3.59E+15,2018.0,14:00,2.0,http://dummyimage.com/196x119.png/ff4444/ffffff,279-250-1678,Home maker,9/22/2017,0,6971.74,679
115,Ginny Pridden,gpridden37@chronoengine.com,69.0,2018.0,1 month subscription,Yes,8911.513,Android,Yes,1,AL,jcb,3.58E+15,2019.0,0:39,2.0,http://dummyimage.com/205x237.bmp/5fa2dd/ffffff,768-900-4327,Other,3/17/2018,1,17483.026,503
116,Glad Bente,gbente38@umich.edu,30.0,2018.0,Family Plan subscription,No,3472.929,MAC,No,0,AL,jcb,3.55E+15,2018.0,21:21,3.0,http://dummyimage.com/203x239.bmp/ff4444/ffffff,304-151-8423,Businessman,9/10/2018,4,6605.858,326
121,Kelsi Pasquale,kpasquale3d@unc.edu,35.0,2018.0,3 month subscription,Yes,6100.119,UNIX,Yes,0,VA,laser,6.71E+18,2018.0,2:33,3.0,http://dummyimage.com/148x241.jpg/dddddd/000000,692-262-7335,Working Professional,7/6/2019,3,11860.238,27
124,Maisey Buckam,mbuckam3g@github.io,17.0,2018.0,Family Plan subscription,Yes,155.565,Windows,No,1,TX,china-unionpay,5.60E+16,2019.0,4:58,4.0,http://dummyimage.com/121x150.bmp/dddddd/000000,818-637-6912,Home maker,3/29/2018,4,-28.870000000000005,491
125,Kliment Thiolier,kthiolier3h@google.co.jp,49.0,2018.0,1 month subscription,No,5372.787,Android,No,0,MD,jcb,3.57E+15,2018.0,21:24,3.0,http://dummyimage.com/143x238.bmp/cc0000/ffffff,485-450-9989,Unemployed,6/5/2019,1,10405.574,58
129,Odilia Menendes,omenendes3l@omniture.com,50.0,2018.0,6 month subscription,Yes,1419.186,Windows,No,0,KS,jcb,3.56E+15,2018.0,20:08,3.0,http://dummyimage.com/151x140.png/5fa2dd/ffffff,337-277-9117,Businessman,12/13/2017,6,2498.372,597
133,Clarance Pauleit,cpauleit3p@techcrunch.com,24.0,2018.0,1 month subscription,No,7190.368,Android,No,1,NY,china-unionpay,5.60E+18,2019.0,15:05,4.0,http://dummyimage.com/120x221.png/cc0000/ffffff,196-200-4130,Other,6/11/2018,1,14040.736,417
135,Filippo Lethabridge,flethabridge3r@latimes.com,15.0,2018.0,1 month subscription,No,282.293,UNIX,No,0,LA,bankcard,5.61E+15,2018.0,2:57,3.0,http://dummyimage.com/168x113.png/cc0000/ffffff,538-214-4034,Businessman,7/30/2018,1,224.586,368
140,Ladonna Aleksankov,laleksankov3w@feedburner.com,18.0,2018.0,1 year subscription,No,1535.476,UNIX,Yes,1,DC,americanexpress,3.74E+14,2019.0,16:48,2.0,http://dummyimage.com/199x241.jpg/dddddd/000000,837-609-8743,Student,4/29/2018,12,2730.952,460
142,Brinna London,blondon3y@blogtalkradio.com,18.0,2018.0,Free users subscription,No,1233.432,UNIX,Yes,0,CA,maestro,6.76E+18,2018.0,7:29,5.0,http://dummyimage.com/159x143.png/cc0000/ffffff,476-581-6073,Unemployed,9/1/2017,0,2126.864,700
144,Luciano Bugdale,lbugdale40@wordpress.com,66.0,2018.0,3 month subscription,No,7352.025,Android,Yes,1,CT,diners-club-enroute,2.01E+14,2019.0,12:22,5.0,http://dummyimage.com/175x225.bmp/ff4444/ffffff,773-586-3423,Unemployed,1/14/2019,3,14364.05,200
145,Hazel Neat,hneat41@bing.com,31.0,2018.0,Student Plan subscription,Yes,8414.487,MAC,Yes,0,CA,jcb,3.57E+15,2019.0,12:25,5.0,http://dummyimage.com/206x176.jpg/cc0000/ffffff,196-983-2829,Student,12/3/2017,24,16488.974,607
147,Celinda Forestel,cforestel43@cnet.com,24.0,2018.0,1 month subscription,Yes,5784.065,UNIX,No,1,KS,diners-club-enroute,2.02E+14,2018.0,1:36,5.0,http://dummyimage.com/209x183.bmp/ff4444/ffffff,352-449-3257,Working Professional,12/20/2018,1,11228.13,225
153,Kai Possel,kpossel49@apache.org,22.0,2018.0,Free users subscription,No,8074.372,Windows,No,0,CA,jcb,3.54E+15,2019.0,20:50,3.0,http://dummyimage.com/103x208.bmp/ff4444/ffffff,371-461-9698,Businessman,5/11/2019,0,15808.744,83
154,Gisela Rieger,grieger4a@ocn.ne.jp,23.0,2018.0,1 year subscription,No,951.115,Android,Yes,1,GA,jcb,3.54E+15,2019.0,13:42,4.0,http://dummyimage.com/117x220.png/dddddd/000000,117-917-4991,Home maker,9/19/2018,12,1562.23,317
162,Chantal Denning,cdenning4i@google.ca,49.0,2018.0,1 month subscription,No,5095.839,UNIX,No,1,AK,visa-electron,4.51E+15,2018.0,11:10,2.0,http://dummyimage.com/195x199.jpg/cc0000/ffffff,916-596-1196,Other,10/26/2018,1,9851.678,280
164,Stephani Cantua,scantua4k@nymag.com,51.0,2018.0,Student Plan subscription,Yes,5313.529,MAC,Yes,0,FL,jcb,3.57E+15,2019.0,4:33,5.0,http://dummyimage.com/246x221.png/ff4444/ffffff,902-914-5547,Working Professional,4/8/2019,24,10287.058,116
167,Rozanna Edowes,redowes4n@deliciousdays.com,35.0,2018.0,Family Plan subscription,No,2430.514,MAC,Yes,0,NY,solo,6.77E+17,2019.0,3:31,4.0,http://dummyimage.com/228x244.png/cc0000/ffffff,790-401-3389,Businessman,1/29/2019,4,4521.028,185
168,Sheelagh Betjeman,sbetjeman4o@unesco.org,35.0,2018.0,Student Plan subscription,No,4058.618,Android,No,1,LA,solo,6.77E+18,2019.0,4:18,5.0,http://dummyimage.com/144x206.jpg/dddddd/000000,514-688-4912,Businessman,1/14/2018,24,7777.236,565
169,Sansone Merrisson,smerrisson4p@wikispaces.com,49.0,2018.0,1 month subscription,No,3742.898,Windows,No,1,NJ,china-unionpay,5.60E+16,2019.0,21:59,2.0,http://dummyimage.com/132x184.jpg/5fa2dd/ffffff,149-726-5712,Businessman,5/14/2018,1,7145.796,445
170,Travers Biggin,tbiggin4q@usda.gov,29.0,2018.0,1 month subscription,No,8378.861,UNIX,No,0,CA,americanexpress,3.50E+14,2018.0,21:29,3.0,http://dummyimage.com/239x114.jpg/ff4444/ffffff,413-103-6051,Unemployed,7/19/2019,1,16417.722,14
172,Blinnie Jales,bjales4s@pbs.org,35.0,2018.0,Free users subscription,Yes,8709.686,UNIX,No,0,FL,jcb,3.54E+15,2019.0,9:55,4.0,http://dummyimage.com/197x195.png/dddddd/000000,867-434-2995,Unemployed,12/6/2018,0,17079.372,239
173,Edeline Brassington,ebrassington4t@sohu.com,22.0,2018.0,1 year subscription,No,4181.611,Windows,Yes,0,NM,jcb,3.54E+15,2019.0,18:54,5.0,http://dummyimage.com/140x139.jpg/ff4444/ffffff,207-335-7681,Businessman,9/26/2017,12,8023.222,675
176,Skipp Sarfass,ssarfass4w@yellowbook.com,36.0,2018.0,1 year subscription,Yes,408.412,MAC,Yes,0,TX,maestro,6.76E+15,2018.0,5:22,4.0,http://dummyimage.com/125x174.png/dddddd/000000,923-608-1411,Businessman,7/10/2018,12,476.82399999999996,388
178,Gale Magwood,gmagwood4y@globo.com,25.0,2018.0,1 month subscription,Yes,9636.623,UNIX,Yes,0,OH,bankcard,5.60E+15,2018.0,14:15,3.0,http://dummyimage.com/233x244.png/dddddd/000000,854-101-7161,Unemployed,5/25/2018,1,18933.246,434
188,Denise Skym,dskym58@opensource.org,69.0,2018.0,Free users subscription,No,2337.324,Android,No,0,LA,visa-electron,4.84E+15,2019.0,8:38,4.0,http://dummyimage.com/139x211.jpg/ff4444/ffffff,554-633-4912,Other,7/24/2018,0,4334.648,374
190,Jeanna Pinching,jpinching5a@g.co,61.0,2018.0,Free users subscription,Yes,1710.967,MAC,No,1,CO,visa-electron,4.18E+15,2019.0,7:21,4.0,http://dummyimage.com/195x160.png/5fa2dd/ffffff,169-370-4448,Unemployed,5/4/2018,0,3081.934,455
191,Valdemar Goolden,vgoolden5b@nbcnews.com,70.0,2018.0,Free users subscription,Yes,2258.429,UNIX,Yes,1,MN,mastercard,5.00E+15,2018.0,12:52,4.0,http://dummyimage.com/243x111.jpg/cc0000/ffffff,158-477-9374,Home maker,10/29/2017,0,4176.858,642
195,Othilia Poles,opoles5f@liveinternet.ru,64.0,2018.0,Family Plan subscription,No,5267.565,MAC,No,0,NY,jcb,3.59E+15,2019.0,3:46,3.0,http://dummyimage.com/169x231.bmp/5fa2dd/ffffff,630-505-7155,Home maker,5/20/2018,4,10195.13,439
196,Darius Tompion,dtompion5g@netlog.com,62.0,2018.0,Student Plan subscription,Yes,8024.473,Windows,No,0,CA,mastercard,5.01E+15,2018.0,1:52,2.0,http://dummyimage.com/116x135.jpg/cc0000/ffffff,881-484-0041,Businessman,9/1/2017,24,15708.946,700
199,Yorker Kenneway,ykenneway5j@opera.com,19.0,2018.0,1 month subscription,No,1991.978,Windows,Yes,1,WA,diners-club-enroute,2.01E+14,2018.0,4:10,4.0,http://dummyimage.com/123x155.bmp/cc0000/ffffff,817-912-2833,Unemployed,8/6/2017,1,3643.956,726
200,Dewey Fairebrother,dfairebrother5k@netlog.com,30.0,2018.0,1 year subscription,Yes,8586.516,Windows,Yes,0,WA,bankcard,5.60E+15,2018.0,6:36,3.0,http://dummyimage.com/249x180.bmp/dddddd/000000,276-910-8368,Home maker,5/2/2019,12,16833.032,92
210,Heloise Loseby,hloseby5u@imageshack.us,20.0,2018.0,Student Plan subscription,No,2124.949,Android,No,0,WA,switch,6.33E+17,2018.0,4:14,4.0,http://dummyimage.com/213x199.bmp/5fa2dd/ffffff,636-366-5197,Unemployed,4/5/2019,24,3909.898,119
213,Livvy Ferrieres,lferrieres5x@eepurl.com,30.0,2018.0,1 year subscription,Yes,3284.343,Windows,Yes,1,IN,mastercard,5.10E+15,2018.0,23:00,3.0,http://dummyimage.com/214x214.bmp/cc0000/ffffff,243-106-8395,Other,5/15/2018,12,6228.686,444
214,Roseann Worsfield,rworsfield5y@buzzfeed.com,65.0,2018.0,Free users subscription,No,4810.313,MAC,Yes,0,NY,jcb,3.58E+15,2019.0,23:21,4.0,http://dummyimage.com/140x183.bmp/dddddd/000000,780-951-7772,Unemployed,5/11/2018,0,9280.626,448
215,Gregory Meedendorpe,gmeedendorpe5z@aol.com,42.0,2018.0,3 month subscription,Yes,7685.967,Android,No,0,AL,instapayment,6.39E+15,2018.0,18:45,5.0,http://dummyimage.com/214x106.bmp/ff4444/ffffff,303-596-1259,Businessman,12/22/2018,3,15031.934,223
216,Jessi Reaper,jreaper60@soup.io,32.0,2018.0,Family Plan subscription,Yes,5100.688,UNIX,Yes,1,FL,solo,6.33E+15,2018.0,0:05,3.0,http://dummyimage.com/218x139.png/ff4444/ffffff,499-365-9746,Working Professional,8/11/2018,4,9861.376,356
220,Wolfie Guerrieri,wguerrieri64@instagram.com,70.0,2018.0,Student Plan subscription,Yes,445.856,Windows,Yes,0,TN,visa-electron,4.92E+15,2018.0,22:58,3.0,http://dummyimage.com/236x174.jpg/5fa2dd/ffffff,597-936-6095,Unemployed,6/12/2019,24,551.712,51
223,Vinny Stubbeley,vstubbeley67@domainmarket.com,19.0,2018.0,Free users subscription,Yes,6101.815,UNIX,Yes,1,NJ,jcb,3.53E+15,2019.0,9:41,3.0,http://dummyimage.com/146x222.png/dddddd/000000,914-780-8457,Working Professional,2/6/2018,0,11863.63,542
224,Farris Towle,ftowle68@tiny.cc,61.0,2018.0,Family Plan subscription,Yes,6235.193,UNIX,Yes,0,NJ,jcb,3.55E+15,2018.0,15:40,5.0,http://dummyimage.com/154x144.jpg/ff4444/ffffff,490-942-1063,Home maker,7/1/2019,4,12130.386,32
225,Jehanna Dowrey,jdowrey69@mediafire.com,62.0,2018.0,Student Plan subscription,Yes,2045.561,Android,No,1,KS,jcb,3.53E+15,2018.0,9:57,2.0,http://dummyimage.com/153x152.jpg/5fa2dd/ffffff,705-341-5197,Home maker,4/2/2019,24,3751.122,122
226,Stephana Bernot,sbernot6a@amazon.de,63.0,2018.0,Family Plan subscription,No,3860.798,Windows,No,1,CO,jcb,3.57E+15,2019.0,14:17,2.0,http://dummyimage.com/145x119.jpg/ff4444/ffffff,901-148-7595,Home maker,7/10/2018,4,7381.596,388
228,Berne Baukham,bbaukham6c@berkeley.edu,37.0,2018.0,1 year subscription,Yes,1021.1,Windows,Yes,0,MN,mastercard,5.10E+15,2019.0,21:43,3.0,http://dummyimage.com/143x226.jpg/dddddd/000000,716-825-2639,Businessman,4/13/2018,12,1702.2,476
229,Betsey Polycote,bpolycote6d@huffingtonpost.com,64.0,2018.0,3 month subscription,Yes,8724.939,Windows,No,0,FL,jcb,3.55E+15,2019.0,2:55,5.0,http://dummyimage.com/183x217.bmp/dddddd/000000,103-313-2947,Other,9/25/2017,3,17109.878,676
232,Laurene Blaker,lblaker6g@mtv.com,68.0,2018.0,1 year subscription,No,7655.342,MAC,Yes,0,NC,jcb,3.55E+15,2018.0,1:38,5.0,http://dummyimage.com/248x220.bmp/dddddd/000000,369-310-1231,Student,5/18/2019,12,14970.684,76
233,Ulrica Taylorson,utaylorson6h@youtube.com,29.0,2018.0,3 month subscription,Yes,9926.043,Windows,Yes,1,OK,diners-club-enroute,2.02E+14,2019.0,2:56,2.0,http://dummyimage.com/141x219.png/dddddd/000000,751-925-2217,Working Professional,9/1/2018,3,19512.086,335
234,Hal Juhruke,hjuhruke6i@ft.com,44.0,2018.0,1 year subscription,Yes,3650.028,Windows,No,0,GA,mastercard,5.01E+15,2019.0,8:39,3.0,http://dummyimage.com/192x196.jpg/5fa2dd/ffffff,966-336-5069,Student,11/19/2017,12,6960.056,621
236,Liliane Androsik,landrosik6k@reverbnation.com,38.0,2018.0,3 month subscription,No,1302.395,Windows,Yes,1,MI,jcb,3.58E+15,2019.0,3:05,5.0,http://dummyimage.com/190x227.bmp/dddddd/000000,988-728-8525,Student,6/9/2019,3,2264.79,54
238,Toddie McQuaid,tmcquaid6m@eepurl.com,54.0,2018.0,Free users subscription,Yes,1643.663,Windows,Yes,0,CA,diners-club-international,3.66E+13,2019.0,0:58,5.0,http://dummyimage.com/193x237.png/dddddd/000000,363-470-8827,Home maker,6/12/2019,0,2947.326,51
241,Duncan Milmoe,dmilmoe6p@apple.com,61.0,2018.0,Free users subscription,Yes,9314.639,Windows,No,0,IL,solo,6.77E+15,2018.0,12:47,4.0,http://dummyimage.com/166x158.jpg/cc0000/ffffff,643-217-1043,Businessman,11/15/2018,0,18289.278,260
246,Mab Gascar,mgascar6u@seesaa.net,64.0,2018.0,Family Plan subscription,No,8530.906,Android,No,0,NV,diners-club-enroute,2.02E+14,2018.0,0:11,4.0,http://dummyimage.com/207x189.bmp/dddddd/000000,586-261-9989,Working Professional,4/29/2018,4,16721.812,460
250,Gaultiero Beltzner,gbeltzner6y@ameblo.jp,18.0,2018.0,Student Plan subscription,Yes,7461.831,Android,No,1,AK,mastercard,5.58E+15,2018.0,1:18,3.0,http://dummyimage.com/123x223.bmp/ff4444/ffffff,937-165-3539,Businessman,8/26/2018,24,14583.662,341
252,Asia Thomelin,athomelin70@cam.ac.uk,64.0,2018.0,6 month subscription,No,6832.125,Android,Yes,0,CA,jcb,3.55E+15,2018.0,7:49,4.0,http://dummyimage.com/158x221.jpg/dddddd/000000,647-828-1768,Unemployed,4/7/2019,6,13324.25,117
253,Keely Rapley,krapley71@facebook.com,30.0,2018.0,Family Plan subscription,No,480.991,Android,Yes,0,DC,jcb,3.56E+15,2018.0,12:01,2.0,http://dummyimage.com/100x137.png/5fa2dd/ffffff,236-937-3597,Working Professional,8/21/2017,4,621.982,711
254,Katya Blaze,kblaze72@irs.gov,41.0,2018.0,Family Plan subscription,Yes,4318.266,Windows,Yes,0,IA,bankcard,5.60E+15,2019.0,7:47,3.0,http://dummyimage.com/149x216.bmp/dddddd/000000,609-722-9103,Working Professional,7/18/2019,4,8296.532,15
256,Shae Haveline,shaveline74@geocities.com,50.0,2018.0,3 month subscription,Yes,6582.65,Android,No,0,TX,jcb,3.54E+15,2018.0,1:43,4.0,http://dummyimage.com/249x204.bmp/ff4444/ffffff,206-192-3262,Businessman,4/22/2018,3,12825.3,467
261,Amos McKendo,amckendo79@psu.edu,32.0,2018.0,1 year subscription,Yes,7336.782,UNIX,Yes,0,MO,mastercard,5.00E+15,2018.0,15:42,2.0,http://dummyimage.com/201x200.jpg/cc0000/ffffff,210-869-6121,Working Professional,3/13/2018,12,14333.564,507
266,Mariellen Woodroff,mwoodroff7e@soup.io,70.0,2018.0,3 month subscription,No,5758.177,Windows,No,0,WI,americanexpress,3.43E+14,2019.0,23:31,2.0,http://dummyimage.com/244x148.jpg/5fa2dd/ffffff,908-503-8049,Home maker,10/6/2018,3,11176.354,300
272,Celestyn Strainge,cstrainge7k@skyrock.com,41.0,2018.0,3 month subscription,Yes,4243.346,Windows,Yes,1,CA,americanexpress,3.74E+14,2019.0,14:25,3.0,http://dummyimage.com/227x199.png/5fa2dd/ffffff,790-469-4660,Unemployed,7/6/2019,3,8146.691999999999,27
275,Chelsie Keatley,ckeatley7n@ihg.com,15.0,2018.0,6 month subscription,Yes,7981.476,MAC,Yes,0,WA,maestro,5.02E+16,2018.0,7:59,2.0,http://dummyimage.com/183x144.bmp/5fa2dd/ffffff,375-985-2509,Unemployed,3/19/2018,6,15622.952,501
276,Jobina Derycot,jderycot7o@pagesperso-orange.fr,35.0,2018.0,6 month subscription,No,6512.679,UNIX,Yes,1,MO,maestro,6.76E+15,2018.0,13:06,3.0,http://dummyimage.com/227x187.png/5fa2dd/ffffff,701-664-4126,Home maker,5/20/2018,6,12685.358,439
278,Dori O'Hickee,dohickee7q@apple.com,51.0,2018.0,6 month subscription,Yes,8126.597,Windows,No,0,MA,switch,6.33E+15,2019.0,21:34,3.0,http://dummyimage.com/187x228.bmp/cc0000/ffffff,928-852-6090,Unemployed,9/1/2018,6,15913.194,335
288,Suzanne Shapero,sshapero80@hibu.com,63.0,2018.0,6 month subscription,No,3196.137,Windows,No,1,NC,jcb,3.55E+15,2019.0,1:30,4.0,http://dummyimage.com/116x149.png/cc0000/ffffff,248-621-2913,Businessman,9/24/2018,6,6052.274,312
291,Aridatha Jolliman,ajolliman83@samsung.com,66.0,2018.0,Student Plan subscription,Yes,8444.178,Windows,Yes,0,KS,jcb,3.54E+15,2019.0,4:34,4.0,http://dummyimage.com/134x207.png/dddddd/000000,882-287-4072,Unemployed,1/7/2018,24,16548.356,572
294,Alexis Giannassi,agiannassi86@redcross.org,28.0,2018.0,Family Plan subscription,No,5331.642,Windows,Yes,1,FL,jcb,3.55E+15,2019.0,19:18,4.0,http://dummyimage.com/228x242.bmp/ff4444/ffffff,241-990-2011,Other,3/15/2019,4,10323.284,140
300,Birdie Lyles,blyles8c@simplemachines.org,65.0,2018.0,1 year subscription,Yes,1953.386,UNIX,No,0,UT,bankcard,5.60E+15,2018.0,18:02,5.0,http://dummyimage.com/129x158.png/cc0000/ffffff,665-949-7340,Home maker,11/5/2018,12,3566.772,270
301,Robb Doust,rdoust8d@spotify.com,32.0,2018.0,3 month subscription,Yes,9034.746,Windows,Yes,1,IN,visa-electron,4.41E+15,2019.0,1:17,4.0,http://dummyimage.com/213x250.bmp/dddddd/000000,300-631-2498,Unemployed,10/27/2018,3,17729.492,279
302,Elissa Luscombe,eluscombe8e@drupal.org,68.0,2018.0,6 month subscription,Yes,1017.055,MAC,No,1,AL,jcb,3.59E+15,2018.0,22:46,3.0,http://dummyimage.com/190x149.bmp/cc0000/ffffff,397-749-9741,Other,11/28/2017,6,1694.11,612
303,Bev Shevell,bshevell8f@hc360.com,46.0,2018.0,1 month subscription,Yes,8257.664,UNIX,Yes,1,KY,jcb,3.53E+15,2019.0,17:15,4.0,http://dummyimage.com/139x118.jpg/5fa2dd/ffffff,794-505-0535,Student,11/29/2018,1,16175.328000000001,246
304,Shelbi Ponte,sponte8g@msn.com,36.0,2018.0,6 month subscription,No,3333.459,UNIX,Yes,0,CO,bankcard,5.60E+15,2018.0,17:23,5.0,http://dummyimage.com/190x232.jpg/dddddd/000000,523-684-5001,Other,3/22/2019,6,6326.918,133
307,Everard Kollas,ekollas8j@biblegateway.com,43.0,2018.0,6 month subscription,Yes,665.845,Android,Yes,0,OH,mastercard,5.39E+15,2018.0,9:51,3.0,http://dummyimage.com/129x233.png/dddddd/000000,424-410-4264,Home maker,7/5/2018,6,991.69,393
309,Virgilio Remington,vremington8l@de.vu,55.0,2018.0,6 month subscription,Yes,9465.803,Android,Yes,1,CA,jcb,3.59E+15,2018.0,16:34,5.0,http://dummyimage.com/153x115.bmp/cc0000/ffffff,115-199-0177,Other,10/29/2018,6,18591.606,277
311,Sandi Eyre,seyre8n@accuweather.com,18.0,2018.0,Family Plan subscription,Yes,9041.533,Windows,Yes,0,VA,instapayment,6.40E+15,2018.0,22:10,2.0,http://dummyimage.com/143x232.png/cc0000/ffffff,333-507-4949,Other,10/14/2018,4,17743.066,292
312,Tawnya Somerlie,tsomerlie8o@about.com,44.0,2018.0,Family Plan subscription,No,3643.925,MAC,No,0,CA,jcb,3.57E+15,2018.0,5:14,3.0,http://dummyimage.com/101x214.jpg/dddddd/000000,489-342-1169,Student,12/23/2018,4,6947.85,222
314,Shay Merwood,smerwood8q@businesswire.com,66.0,2018.0,1 year subscription,Yes,6364.451,Windows,No,0,WA,bankcard,5.61E+15,2018.0,18:01,2.0,http://dummyimage.com/109x113.bmp/ff4444/ffffff,700-816-5933,Home maker,5/21/2019,12,12388.902,73
315,Tally Blaney,tblaney8r@alexa.com,20.0,2018.0,6 month subscription,No,294.886,MAC,No,0,NY,switch,4.90E+18,2018.0,15:46,4.0,http://dummyimage.com/231x191.png/ff4444/ffffff,318-779-4739,Home maker,6/5/2018,6,249.77200000000005,423
316,Lauren Kinner,lkinner8s@wufoo.com,32.0,2018.0,1 month subscription,Yes,1567.976,MAC,Yes,0,TX,china-unionpay,5.60E+16,2018.0,12:24,4.0,http://dummyimage.com/207x135.jpg/dddddd/000000,881-199-7839,Working Professional,8/14/2018,1,2795.952,353
317,Deny Arnald,darnald8t@gravatar.com,61.0,2018.0,3 month subscription,No,8287.637,Windows,No,0,VA,visa,4.04E+15,2018.0,6:48,3.0,http://dummyimage.com/244x217.png/dddddd/000000,193-951-9965,Working Professional,9/28/2018,3,16235.274000000001,308
319,Francois Follis,ffollis8v@freewebs.com,17.0,2018.0,Family Plan subscription,Yes,7458.279,UNIX,Yes,1,NJ,visa-electron,4.84E+15,2018.0,4:10,4.0,http://dummyimage.com/198x158.bmp/5fa2dd/ffffff,756-893-5029,Home maker,4/24/2019,4,14576.558,100
320,Samson Fluger,sfluger8w@china.com.cn,18.0,2018.0,6 month subscription,Yes,5585.046,Android,No,1,FL,diners-club-carte-blanche,3.03E+13,2018.0,21:15,2.0,http://dummyimage.com/177x111.jpg/dddddd/000000,861-892-1507,Businessman,5/1/2019,6,10830.092,93
321,Kimberley Frankton,kfrankton8x@vkontakte.ru,36.0,2018.0,3 month subscription,Yes,2307.086,MAC,No,1,NY,switch,6.33E+17,2018.0,1:11,3.0,http://dummyimage.com/183x170.png/dddddd/000000,461-354-8569,Unemployed,6/27/2018,3,4274.172,401
323,Enrique Ferruzzi,eferruzzi8z@scribd.com,58.0,2018.0,3 month subscription,No,636.279,Android,Yes,0,CT,bankcard,5.60E+15,2019.0,20:52,2.0,http://dummyimage.com/237x181.jpg/cc0000/ffffff,538-889-3212,Unemployed,1/17/2018,3,932.558,562
324,Margaretha Darville,mdarville90@webeden.co.uk,43.0,2018.0,1 year subscription,No,5513.014,UNIX,No,0,PA,instapayment,6.39E+15,2018.0,19:54,3.0,http://dummyimage.com/202x112.png/ff4444/ffffff,497-584-5430,Unemployed,9/8/2017,12,10686.028,693
326,Lyndy Middlehurst,lmiddlehurst92@over-blog.com,30.0,2018.0,6 month subscription,No,8731.421,Windows,Yes,1,NE,maestro,6.30E+15,2019.0,7:26,3.0,http://dummyimage.com/112x201.jpg/5fa2dd/ffffff,317-784-5059,Student,8/15/2018,6,17122.842,352
327,Bing Wanne,bwanne93@exblog.jp,21.0,2018.0,3 month subscription,Yes,1392.972,Android,Yes,0,VA,americanexpress,3.74E+14,2019.0,23:22,2.0,http://dummyimage.com/151x140.png/cc0000/ffffff,608-127-2178,Unemployed,3/16/2018,3,2445.944,504
329,Darin Pethybridge,dpethybridge95@washingtonpost.com,54.0,2018.0,3 month subscription,Yes,5262.627,Android,No,0,LA,jcb,3.53E+15,2019.0,16:02,2.0,http://dummyimage.com/188x106.bmp/cc0000/ffffff,294-931-0712,Home maker,12/22/2017,3,10185.254,588
331,Maximilianus Negri,mnegri97@latimes.com,58.0,2018.0,1 year subscription,Yes,4550.675,Android,No,1,GA,maestro,5.02E+17,2019.0,23:31,3.0,http://dummyimage.com/172x122.bmp/5fa2dd/ffffff,796-614-0504,Other,3/18/2018,12,8761.35,502
336,Brianna Hurlestone,bhurlestone9c@blogs.com,46.0,2018.0,1 month subscription,Yes,9687.412,Windows,Yes,1,FL,switch,6.33E+17,2019.0,2:19,2.0,http://dummyimage.com/189x162.bmp/dddddd/000000,850-968-1556,Businessman,9/21/2018,1,19034.824,315
341,Falkner Tirone,ftirone9h@spiegel.de,60.0,2018.0,1 month subscription,No,7038.846,UNIX,Yes,0,CA,jcb,3.58E+15,2018.0,20:16,5.0,http://dummyimage.com/150x127.bmp/ff4444/ffffff,960-697-3812,Businessman,1/12/2019,1,13737.692,202
343,Leela Twells,ltwells9j@mozilla.org,33.0,2018.0,1 month subscription,Yes,9192.944,UNIX,Yes,0,AZ,visa,4.04E+15,2018.0,2:12,4.0,http://dummyimage.com/206x151.png/ff4444/ffffff,821-585-1013,Student,5/27/2019,1,18045.888,67
344,Josi Sleany,jsleany9k@sciencedaily.com,46.0,2018.0,3 month subscription,No,446.804,MAC,No,1,CT,mastercard,5.47E+15,2019.0,21:58,3.0,http://dummyimage.com/190x170.bmp/cc0000/ffffff,530-869-4692,Unemployed,12/8/2018,3,553.608,237
348,Derril Peachment,dpeachment9o@usda.gov,31.0,2018.0,Free users subscription,No,2687.106,UNIX,No,0,WA,jcb,3.58E+15,2019.0,4:44,4.0,http://dummyimage.com/182x111.bmp/ff4444/ffffff,197-613-8090,Unemployed,12/2/2017,0,5034.212,608
351,Rania Greenshields,rgreenshields9r@answers.com,38.0,2018.0,1 month subscription,No,780.31,UNIX,Yes,0,WV,jcb,3.54E+15,2019.0,21:02,4.0,http://dummyimage.com/204x159.bmp/dddddd/000000,351-324-6977,Home maker,9/3/2018,1,1220.62,333
352,Ardisj MacGuiness,amacguiness9s@weather.com,68.0,2018.0,6 month subscription,Yes,3604.89,MAC,No,0,LA,visa-electron,4.91E+15,2018.0,12:31,5.0,http://dummyimage.com/104x206.jpg/dddddd/000000,120-584-2811,Other,12/12/2017,6,6869.78,598
357,Rozina Dooman,rdooman9x@va.gov,64.0,2018.0,Student Plan subscription,No,3764.094,Android,Yes,0,MD,solo,6.33E+18,2019.0,22:39,2.0,http://dummyimage.com/216x128.jpg/ff4444/ffffff,733-551-9133,Other,11/9/2018,24,7188.188,266
359,Merle Cuerda,mcuerda9z@bluehost.com,37.0,2018.0,Free users subscription,No,1385.191,UNIX,Yes,0,TX,mastercard,5.10E+15,2018.0,16:34,4.0,http://dummyimage.com/219x211.png/cc0000/ffffff,502-950-4150,Other,11/24/2018,0,2430.382,251
361,Free Masey,fmaseya1@hc360.com,38.0,2018.0,Family Plan subscription,Yes,2886.367,Windows,Yes,0,GA,diners-club-carte-blanche,3.04E+13,2018.0,11:27,3.0,http://dummyimage.com/208x183.jpg/5fa2dd/ffffff,888-706-9892,Other,11/3/2018,4,5432.734,272
363,Noell Ainsbury,nainsburya3@dell.com,23.0,2018.0,Family Plan subscription,Yes,2647.656,Windows,No,0,DC,jcb,3.53E+15,2019.0,5:40,3.0,http://dummyimage.com/231x157.jpg/dddddd/000000,185-823-3965,Other,10/15/2018,4,4955.312,291
364,Abdul Dockery,adockerya4@soundcloud.com,30.0,2018.0,6 month subscription,Yes,5273.127,Android,No,1,IN,china-unionpay,5.60E+15,2019.0,18:50,2.0,http://dummyimage.com/113x220.jpg/dddddd/000000,669-748-7081,Businessman,12/14/2017,6,10206.254,596
381,Sherlock Griffiths,sgriffithsal@instagram.com,17.0,2018.0,Family Plan subscription,No,9752.586,Windows,Yes,1,CA,jcb,3.56E+15,2018.0,0:24,3.0,http://dummyimage.com/133x212.jpg/dddddd/000000,444-667-0424,Home maker,1/21/2019,4,19165.172,193
388,Kerrie Durbyn,kdurbynas@nbcnews.com,17.0,2018.0,Family Plan subscription,Yes,5314.85,Android,Yes,0,NM,jcb,3.57E+15,2019.0,7:08,3.0,http://dummyimage.com/224x164.jpg/ff4444/ffffff,251-273-6891,Home maker,9/21/2018,4,10289.7,315
391,Lawton Rattenberie,lrattenberieav@state.tx.us,28.0,2018.0,Family Plan subscription,No,6762.118,Android,No,0,OR,americanexpress,3.38E+14,2018.0,11:50,4.0,http://dummyimage.com/228x154.bmp/5fa2dd/ffffff,972-365-2702,Other,11/2/2017,4,13184.236,638
395,Emmalynne Mityashin,emityashinaz@columbia.edu,41.0,2018.0,6 month subscription,No,5440.908,MAC,Yes,1,NY,jcb,3.57E+15,2018.0,12:10,3.0,http://dummyimage.com/221x134.bmp/dddddd/000000,641-813-4223,Businessman,10/6/2018,6,10541.816,300
397,Malva Snelling,msnellingb1@addtoany.com,37.0,2018.0,3 month subscription,Yes,3770.298,MAC,Yes,0,FL,jcb,3.54E+15,2019.0,10:57,4.0,http://dummyimage.com/167x135.png/cc0000/ffffff,566-215-5279,Student,2/24/2019,3,7200.596,159
398,Phedra Wilfing,pwilfingb2@shop-pro.jp,66.0,2018.0,Student Plan subscription,No,464.568,UNIX,Yes,1,FL,visa,4.46E+15,2018.0,23:20,4.0,http://dummyimage.com/155x177.jpg/cc0000/ffffff,370-225-0845,Other,3/7/2018,24,589.136,513
400,Simeon Ausher,sausherb4@ifeng.com,39.0,2018.0,3 month subscription,No,9227.285,Windows,Yes,0,MO,visa-electron,4.03E+15,2018.0,9:09,5.0,http://dummyimage.com/109x125.png/5fa2dd/ffffff,801-760-0273,Home maker,7/19/2018,3,18114.57,379
401,Tonya Jollye,tjollyeb5@reverbnation.com,29.0,2018.0,Family Plan subscription,Yes,3376.463,Android,Yes,0,CO,americanexpress,3.77E+14,2019.0,17:14,3.0,http://dummyimage.com/120x149.bmp/5fa2dd/ffffff,542-673-3495,Home maker,10/8/2018,4,6412.926,298
409,Gerald Keightley,gkeightleybd@nhs.uk,50.0,2018.0,Free users subscription,No,15.037,Android,Yes,0,DC,mastercard,5.01E+15,2019.0,1:07,2.0,http://dummyimage.com/197x128.jpg/dddddd/000000,861-540-7640,Other,7/20/2018,0,-309.926,378
410,Ariel Kernan,akernanbe@unblog.fr,34.0,2018.0,Free users subscription,No,1548.542,UNIX,Yes,0,AZ,diners-club-carte-blanche,3.01E+13,2019.0,2:11,5.0,http://dummyimage.com/103x139.jpg/5fa2dd/ffffff,222-899-4646,Businessman,12/19/2017,0,2757.084,591
411,Khalil Jepp,kjeppbf@networksolutions.com,26.0,2018.0,1 month subscription,No,8742.528,UNIX,Yes,1,CA,americanexpress,3.75E+14,2018.0,15:54,4.0,http://dummyimage.com/201x151.jpg/5fa2dd/ffffff,165-104-4731,Unemployed,11/4/2017,1,17145.056,636
413,Dieter Tourner,dtournerbh@wordpress.org,38.0,2018.0,3 month subscription,No,9813.111,UNIX,No,0,TX,maestro,6.76E+16,2018.0,10:58,5.0,http://dummyimage.com/123x214.png/5fa2dd/ffffff,971-668-3601,Home maker,12/6/2017,3,19286.222,604
414,Emelda Winger,ewingerbi@slate.com,63.0,2018.0,Free users subscription,No,5336.79,MAC,No,0,ND,jcb,3.53E+15,2018.0,21:34,2.0,http://dummyimage.com/172x243.png/cc0000/ffffff,217-318-3815,Other,6/11/2019,0,10333.58,52
415,Yuri Prew,yprewbj@tinyurl.com,22.0,2018.0,1 year subscription,No,3772.819,MAC,Yes,1,CO,jcb,3.55E+15,2018.0,23:58,4.0,http://dummyimage.com/240x239.png/5fa2dd/ffffff,524-732-1720,Unemployed,7/6/2018,12,7205.638,392
417,Coop Milam,cmilambl@buzzfeed.com,61.0,2018.0,6 month subscription,No,6538.352,MAC,Yes,0,NV,china-unionpay,5.60E+18,2019.0,15:27,2.0,http://dummyimage.com/208x250.png/ff4444/ffffff,444-368-7546,Student,5/7/2018,6,12736.704,452
418,Caryl Lemmer,clemmerbm@istockphoto.com,41.0,2018.0,Student Plan subscription,Yes,1128.241,Android,Yes,0,CA,diners-club-enroute,2.02E+14,2019.0,22:55,2.0,http://dummyimage.com/210x141.bmp/dddddd/000000,429-421-7875,Working Professional,9/1/2018,24,1916.482,335
420,Salvador Incogna,sincognabo@themeforest.net,54.0,2018.0,Student Plan subscription,Yes,2164.807,Android,Yes,1,MD,visa,4.02E+15,2019.0,20:37,3.0,http://dummyimage.com/150x223.bmp/dddddd/000000,274-482-1289,Businessman,5/29/2019,24,3989.6139999999996,65
427,Craig Paulus,cpaulusbv@networkadvertising.org,51.0,2018.0,Student Plan subscription,No,8807.25,Windows,Yes,0,CA,jcb,3.55E+15,2019.0,15:05,3.0,http://dummyimage.com/171x164.png/cc0000/ffffff,717-602-6438,Student,4/8/2019,24,17274.5,116
428,Pace Phuprate,pphupratebw@bluehost.com,67.0,2018.0,1 year subscription,No,3928.567,MAC,No,0,CA,diners-club-us-ca,5.56E+15,2019.0,20:32,3.0,http://dummyimage.com/157x146.png/cc0000/ffffff,896-105-1584,Student,11/3/2017,12,7517.134,637
429,Malachi Sarginson,msarginsonbx@ezinearticles.com,36.0,2018.0,Student Plan subscription,No,7642.273,MAC,No,1,FL,diners-club-enroute,2.02E+14,2018.0,3:30,3.0,http://dummyimage.com/182x130.jpg/5fa2dd/ffffff,649-742-0793,Student,10/9/2018,24,14944.546,297
433,Fiona Corradino,fcorradinoc1@bizjournals.com,20.0,2018.0,Family Plan subscription,Yes,5726.163,Android,Yes,0,NY,switch,6.76E+17,2018.0,11:22,2.0,http://dummyimage.com/244x176.bmp/ff4444/ffffff,559-453-1524,Businessman,4/5/2019,4,11112.326,119
435,Susy Doubrava,sdoubravac3@bluehost.com,22.0,2018.0,Free users subscription,Yes,7805.12,Windows,No,0,DC,diners-club-enroute,2.02E+14,2018.0,22:34,3.0,http://dummyimage.com/120x166.bmp/cc0000/ffffff,412-380-4997,Unemployed,10/10/2017,0,15270.24,661
436,Annetta Gradley,agradleyc4@cdbaby.com,50.0,2018.0,3 month subscription,No,697.491,Android,No,0,CA,mastercard,5.58E+15,2018.0,18:08,5.0,http://dummyimage.com/239x162.jpg/cc0000/ffffff,843-319-6053,Student,5/11/2019,3,1054.982,83
437,Karyn Buckett,kbuckettc5@globo.com,20.0,2018.0,Family Plan subscription,No,1645.41,Windows,Yes,1,MN,china-unionpay,5.60E+16,2018.0,1:27,3.0,http://dummyimage.com/190x110.jpg/ff4444/ffffff,569-907-1323,Student,3/26/2019,4,2950.82,129
441,Dot Banbrook,dbanbrookc9@elegantthemes.com,22.0,2018.0,1 month subscription,Yes,9404.589,Windows,No,1,UT,instapayment,6.39E+15,2018.0,20:02,3.0,http://dummyimage.com/171x169.bmp/5fa2dd/ffffff,936-237-4504,Working Professional,5/10/2019,1,18469.178,84
442,Polly Yerill,pyerillca@unc.edu,24.0,2018.0,Free users subscription,Yes,4038.882,UNIX,No,1,IN,jcb,3.56E+15,2019.0,6:09,3.0,http://dummyimage.com/183x166.bmp/5fa2dd/ffffff,438-892-1466,Student,6/21/2019,0,7737.764,42
444,Adore Geggus,agegguscc@army.mil,52.0,2018.0,3 month subscription,No,2739.506,Windows,No,1,GA,jcb,3.54E+15,2018.0,5:29,4.0,http://dummyimage.com/159x207.png/5fa2dd/ffffff,682-895-3220,Home maker,8/6/2018,3,5139.012,361
445,Wyndham Woodes,wwoodescd@fastcompany.com,29.0,2018.0,1 month subscription,No,9555.275,Android,No,0,UT,mastercard,5.05E+15,2018.0,6:46,4.0,http://dummyimage.com/123x185.jpg/5fa2dd/ffffff,961-105-1559,Working Professional,4/28/2018,1,18770.55,461
446,Orv MacGarrity,omacgarrityce@php.net,42.0,2018.0,Family Plan subscription,Yes,9333.638,MAC,Yes,1,WI,diners-club-carte-blanche,3.05E+13,2018.0,10:08,4.0,http://dummyimage.com/144x243.bmp/ff4444/ffffff,136-399-1227,Working Professional,4/3/2019,4,18327.276,121
449,Gary Brabant,gbrabantch@slashdot.org,52.0,2018.0,3 month subscription,No,1940.072,Windows,No,1,IL,diners-club-enroute,2.02E+14,2018.0,7:39,3.0,http://dummyimage.com/201x181.bmp/dddddd/000000,879-819-8876,Student,6/11/2018,3,3540.144,417
450,Torrance Crewes,tcrewesci@example.com,25.0,2018.0,1 year subscription,Yes,9664.812,Windows,No,1,GA,jcb,3.55E+15,2019.0,23:45,5.0,http://dummyimage.com/174x230.bmp/5fa2dd/ffffff,868-798-4764,Home maker,1/28/2019,12,18989.624,186
454,Heather Northey,hnortheycm@soup.io,31.0,2018.0,3 month subscription,Yes,317.564,MAC,Yes,0,FL,mastercard,5.19E+15,2018.0,10:04,4.0,http://dummyimage.com/127x183.jpg/5fa2dd/ffffff,886-185-0895,Other,10/31/2017,3,295.12800000000004,640
455,Neil Kerby,nkerbycn@freewebs.com,22.0,2018.0,3 month subscription,Yes,3083.71,Android,Yes,1,MN,switch,6.33E+18,2018.0,1:58,3.0,http://dummyimage.com/156x137.jpg/dddddd/000000,574-855-7284,Student,3/8/2019,3,5827.42,147
457,Katerine Logsdail,klogsdailcp@pagesperso-orange.fr,54.0,2018.0,Free users subscription,Yes,678.574,UNIX,Yes,1,OH,maestro,5.04E+18,2018.0,14:07,5.0,http://dummyimage.com/223x205.bmp/ff4444/ffffff,609-302-0902,Unemployed,10/25/2017,0,1017.1479999999999,646
462,Barbette Cardall,bcardallcu@cargocollective.com,50.0,2018.0,Free users subscription,Yes,4138.976,Android,Yes,0,FL,jcb,3.54E+15,2019.0,4:26,4.0,http://dummyimage.com/248x159.jpg/ff4444/ffffff,874-788-6272,Student,7/1/2018,0,7937.951999999999,397
464,Shelba Furber,sfurbercw@toplist.cz,54.0,2018.0,Student Plan subscription,Yes,4051.864,MAC,No,1,VA,jcb,3.59E+15,2019.0,7:24,3.0,http://dummyimage.com/194x223.bmp/dddddd/000000,806-689-4539,Student,2/9/2019,24,7763.728,174
465,Kurtis Gullick,kgullickcx@wikipedia.org,26.0,2018.0,1 month subscription,No,1017.189,Android,Yes,1,TN,jcb,3.55E+15,2019.0,20:39,4.0,http://dummyimage.com/208x138.jpg/5fa2dd/ffffff,413-747-9861,Businessman,7/27/2019,1,1694.378,6
466,Shermie Dibdale,sdibdalecy@free.fr,38.0,2018.0,Free users subscription,Yes,8376.118,Windows,Yes,0,UT,switch,4.90E+18,2019.0,18:26,3.0,http://dummyimage.com/171x144.png/cc0000/ffffff,383-250-5245,Unemployed,9/23/2017,0,16412.236,678
469,Jacky Prandin,jprandind1@google.it,25.0,2018.0,Student Plan subscription,No,4723.734,Windows,Yes,1,TX,jcb,3.53E+15,2018.0,21:24,4.0,http://dummyimage.com/225x109.png/dddddd/000000,114-152-2048,Student,8/13/2017,24,9107.468,719
472,Rodney Triggle,rtriggled4@umn.edu,70.0,2018.0,1 month subscription,Yes,8483.643,MAC,Yes,1,CA,bankcard,5.61E+15,2019.0,14:04,2.0,http://dummyimage.com/163x220.bmp/dddddd/000000,286-615-6131,Unemployed,3/29/2019,1,16627.286,126
474,Delilah Witten,dwittend6@phpbb.com,38.0,2018.0,3 month subscription,No,2112.634,UNIX,No,0,OR,visa-electron,4.92E+15,2018.0,5:37,4.0,http://dummyimage.com/109x154.jpg/cc0000/ffffff,619-567-0912,Unemployed,4/20/2019,3,3885.268,104
475,Adina Roseaman,aroseamand7@usatoday.com,64.0,2018.0,1 year subscription,Yes,6201.713,MAC,Yes,0,CA,jcb,3.56E+15,2018.0,12:16,3.0,http://dummyimage.com/182x189.bmp/ff4444/ffffff,813-419-8877,Working Professional,3/15/2019,12,12063.426,140
478,Chad Huygens,chuygensda@blogger.com,34.0,2018.0,6 month subscription,Yes,8583.53,MAC,Yes,1,DC,diners-club-us-ca,5.59E+15,2018.0,3:20,3.0,http://dummyimage.com/222x121.png/dddddd/000000,117-571-1818,Student,7/7/2018,6,16827.06,391
479,Osmund Potebury,opoteburydb@google.com.hk,60.0,2018.0,Student Plan subscription,No,4029.883,UNIX,No,0,IL,jcb,3.58E+15,2019.0,21:37,4.0,http://dummyimage.com/165x102.bmp/5fa2dd/ffffff,836-724-7020,Other,4/14/2018,24,7719.766,475
484,Anastasia Cathersides,acathersidesdg@360.cn,69.0,2018.0,1 year subscription,No,6008.072,MAC,Yes,1,FL,diners-club-us-ca,5.58E+15,2018.0,0:00,2.0,http://dummyimage.com/202x175.png/5fa2dd/ffffff,544-749-4722,Working Professional,4/25/2019,12,11676.144,99
487,Neall Washtell,nwashtelldj@ca.gov,50.0,2018.0,1 month subscription,Yes,2647.118,Windows,No,1,ID,diners-club-us-ca,5.45E+15,2018.0,13:09,4.0,http://dummyimage.com/179x228.bmp/5fa2dd/ffffff,117-207-0219,Working Professional,9/12/2018,1,4954.236,324
493,Brunhilde Jonk,bjonkdp@hugedomains.com,30.0,2018.0,6 month subscription,No,560.06,Android,No,1,CA,jcb,3.58E+15,2018.0,17:03,4.0,http://dummyimage.com/225x142.png/dddddd/000000,828-905-4434,Unemployed,1/19/2019,6,780.1199999999999,195
495,Currie Friberg,cfribergdr@house.gov,60.0,2018.0,Student Plan subscription,Yes,9653.193,Android,No,0,CA,jcb,3.56E+15,2019.0,5:10,4.0,http://dummyimage.com/188x206.bmp/5fa2dd/ffffff,724-413-6363,Other,4/28/2019,24,18966.386,96
499,Thedric Lodo,tlododv@digg.com,62.0,2018.0,Student Plan subscription,No,3647.077,Windows,Yes,1,NY,instapayment,6.37E+15,2018.0,17:55,4.0,http://dummyimage.com/159x146.png/cc0000/ffffff,565-775-5765,Unemployed,3/29/2018,24,6954.154,491
500,Vasili Margrie,vmargriedw@pen.io,56.0,2018.0,Family Plan subscription,Yes,299.857,MAC,Yes,0,TX,diners-club-enroute,2.02E+14,2019.0,14:18,3.0,http://dummyimage.com/235x174.png/5fa2dd/ffffff,720-488-4035,Other,6/5/2019,4,259.71400000000006,58
501,Georges Katte,gkattedx@go.com,50.0,2018.0,Student Plan subscription,No,35.441,MAC,Yes,1,WI,jcb,3.57E+15,2018.0,13:56,5.0,http://dummyimage.com/100x195.bmp/dddddd/000000,433-776-4151,Working Professional,7/23/2018,24,-269.118,375
502,Umberto Drewry,udrewrydy@latimes.com,36.0,2018.0,Student Plan subscription,No,4124.195,Windows,Yes,0,MA,jcb,3.59E+15,2019.0,3:53,3.0,http://dummyimage.com/129x249.png/dddddd/000000,138-390-4292,Student,5/11/2019,24,7908.389999999999,83
504,Brooks Saipy,bsaipye0@ning.com,19.0,2018.0,1 month subscription,Yes,153.97,Windows,Yes,1,LA,jcb,3.55E+15,2019.0,10:20,3.0,http://dummyimage.com/120x241.jpg/ff4444/ffffff,606-723-9511,Student,12/13/2017,1,-32.06,597
507,Wilbert Heffer,wheffere3@ezinearticles.com,54.0,2018.0,6 month subscription,No,1275.456,Windows,No,0,FL,switch,4.94E+18,2018.0,23:27,5.0,http://dummyimage.com/192x227.bmp/5fa2dd/ffffff,537-489-9419,Other,8/5/2018,6,2210.912,362
509,Joellen Thackwray,jthackwraye5@php.net,18.0,2018.0,Family Plan subscription,No,4970.895,Android,Yes,0,NC,switch,6.33E+15,2019.0,12:55,5.0,http://dummyimage.com/101x105.bmp/cc0000/ffffff,854-365-6184,Businessman,2/28/2019,4,9601.79,155
511,Ainslie Jeannenet,ajeannenete7@fda.gov,23.0,2018.0,3 month subscription,No,6994.641,Android,Yes,1,FL,jcb,3.54E+15,2019.0,18:57,4.0,http://dummyimage.com/108x168.bmp/cc0000/ffffff,331-369-4906,Other,10/13/2017,3,13649.282,658
517,Gawain Fairbeard,gfairbearded@un.org,34.0,2018.0,3 month subscription,No,2029.538,UNIX,No,1,PA,jcb,3.57E+15,2019.0,23:34,5.0,http://dummyimage.com/208x112.bmp/cc0000/ffffff,650-328-7599,Home maker,9/1/2017,3,3719.076,700
518,Donall Rouf,droufee@businessinsider.com,31.0,2018.0,1 year subscription,Yes,1964.96,UNIX,No,1,FL,mastercard,5.10E+15,2018.0,2:04,2.0,http://dummyimage.com/157x191.bmp/dddddd/000000,952-262-8819,Home maker,8/31/2017,12,3589.92,701
520,Tabbi Wellbelove,twellbeloveeg@sogou.com,41.0,2018.0,6 month subscription,Yes,9827.329,Android,No,0,TX,instapayment,6.39E+15,2018.0,16:02,5.0,http://dummyimage.com/170x206.png/ff4444/ffffff,408-960-8293,Home maker,12/3/2017,6,19314.658,607
521,Erica Ornils,eornilseh@aboutads.info,41.0,2018.0,1 month subscription,Yes,3465.459,MAC,No,1,MN,jcb,3.56E+15,2018.0,0:27,4.0,http://dummyimage.com/158x160.png/5fa2dd/ffffff,374-728-9098,Businessman,1/6/2018,1,6590.918,573
522,Alonzo Steel,asteelei@4shared.com,45.0,2018.0,Family Plan subscription,No,177.114,Android,Yes,1,TX,bankcard,5.60E+15,2018.0,2:49,5.0,http://dummyimage.com/139x224.png/dddddd/000000,207-673-9289,Working Professional,12/20/2018,4,14.228000000000009,225
523,Shellie Pedel,spedelej@google.ru,59.0,2018.0,Family Plan subscription,No,6724.139,UNIX,Yes,0,KY,jcb,3.58E+15,2019.0,17:52,4.0,http://dummyimage.com/164x127.jpg/5fa2dd/ffffff,435-789-1963,Home maker,3/29/2018,4,13108.278,491
525,Annamaria Core,acoreel@economist.com,69.0,2018.0,Family Plan subscription,Yes,3172.647,Android,No,1,OH,jcb,3.56E+15,2019.0,0:31,3.0,http://dummyimage.com/222x233.jpg/cc0000/ffffff,513-557-4688,Student,11/10/2017,4,6005.294,630
528,Mychal Floch,mflocheo@etsy.com,19.0,2018.0,Free users subscription,Yes,9732.516,UNIX,Yes,0,HI,jcb,3.58E+15,2019.0,20:25,3.0,http://dummyimage.com/205x180.bmp/ff4444/ffffff,561-463-6711,Home maker,5/11/2019,0,19125.032,83
536,Micaela Swinfen,mswinfenew@weibo.com,58.0,2018.0,Family Plan subscription,No,3302.864,UNIX,Yes,1,AL,diners-club-enroute,2.02E+14,2019.0,5:18,2.0,http://dummyimage.com/108x174.bmp/5fa2dd/ffffff,623-872-4091,Working Professional,12/31/2017,4,6265.728,579
537,Way Boise,wboiseex@sourceforge.net,40.0,2018.0,1 month subscription,No,4144.237,Windows,Yes,1,TX,laser,6.71E+18,2018.0,13:47,2.0,http://dummyimage.com/180x107.png/dddddd/000000,857-491-6421,Home maker,10/26/2018,1,7948.474,280
538,Mair Pringuer,mpringuerey@geocities.jp,61.0,2018.0,Student Plan subscription,No,1683.751,Windows,No,0,MI,jcb,3.57E+15,2019.0,3:44,4.0,http://dummyimage.com/161x229.png/dddddd/000000,190-174-6586,Home maker,11/24/2017,24,3027.502,616
540,Oberon Stollberger,ostollbergerf0@europa.eu,52.0,2018.0,Family Plan subscription,No,2813.057,UNIX,Yes,0,SD,jcb,3.55E+15,2018.0,21:12,3.0,http://dummyimage.com/152x203.bmp/dddddd/000000,833-536-9806,Student,3/4/2018,4,5286.114,516
543,Dukie Bourchier,dbourchierf3@lycos.com,39.0,2018.0,1 year subscription,Yes,7337.439,Windows,No,1,SD,jcb,3.53E+15,2019.0,20:48,5.0,http://dummyimage.com/137x112.jpg/dddddd/000000,540-734-3885,Home maker,1/14/2018,12,14334.878,565
550,Elspeth Duncanson,eduncansonfa@cbsnews.com,40.0,2018.0,6 month subscription,No,4935.885,Windows,No,1,PA,jcb,3.57E+15,2018.0,22:48,4.0,http://dummyimage.com/199x249.png/ff4444/ffffff,100-562-0361,Other,8/31/2017,6,9531.77,701
551,Salomon Thompson,sthompsonfb@nationalgeographic.com,32.0,2018.0,1 year subscription,Yes,2282.415,MAC,No,0,VA,jcb,3.56E+15,2018.0,13:35,4.0,http://dummyimage.com/197x162.png/cc0000/ffffff,180-854-2677,Unemployed,7/10/2018,12,4224.83,388
558,Tabbatha Treherne,ttrehernefi@reverbnation.com,53.0,2018.0,3 month subscription,Yes,2997.257,Windows,No,0,FL,mastercard,5.00E+15,2018.0,17:23,4.0,http://dummyimage.com/108x165.bmp/5fa2dd/ffffff,715-531-9876,Student,7/4/2018,3,5654.514,394
559,Jess Fasse,jfassefj@usatoday.com,21.0,2018.0,Free users subscription,Yes,1717.81,Android,Yes,1,VA,mastercard,5.59E+15,2018.0,20:23,3.0,http://dummyimage.com/166x156.bmp/ff4444/ffffff,704-859-8294,Working Professional,10/3/2017,0,3095.62,668
562,Ahmad Gyles,agylesfm@eventbrite.com,64.0,2018.0,6 month subscription,No,4376.328,Android,No,1,MI,diners-club-us-ca,5.55E+15,2019.0,6:56,4.0,http://dummyimage.com/137x138.png/cc0000/ffffff,649-371-5122,Businessman,11/11/2017,6,8412.656,629
563,Laure Rawlinson,lrawlinsonfn@guardian.co.uk,47.0,2018.0,1 year subscription,Yes,503.353,Windows,Yes,1,CA,china-unionpay,5.60E+16,2018.0,2:22,4.0,http://dummyimage.com/102x107.png/cc0000/ffffff,999-565-5112,Businessman,7/24/2018,12,666.706,374
564,Orsa Dunstone,odunstonefo@gmpg.org,64.0,2018.0,1 month subscription,No,1609.118,Android,No,0,VA,visa,4.02E+15,2018.0,22:15,2.0,http://dummyimage.com/102x233.png/cc0000/ffffff,877-827-1414,Home maker,9/24/2018,1,2878.236,312
570,Shannah Eixenberger,seixenbergerfu@businessinsider.com,44.0,2018.0,Family Plan subscription,Yes,6410.526,Windows,Yes,0,UT,americanexpress,3.75E+14,2019.0,6:35,3.0,http://dummyimage.com/121x240.png/cc0000/ffffff,689-226-6889,Businessman,5/20/2018,4,12481.052,439
578,Eustace Pedracci,epedraccig2@ezinearticles.com,43.0,2018.0,1 month subscription,No,233.034,Windows,No,0,NC,maestro,5.04E+16,2019.0,3:27,5.0,http://dummyimage.com/131x209.jpg/dddddd/000000,121-541-8846,Home maker,8/20/2017,1,126.06799999999998,712
580,Lock Bariball,lbariballg4@slideshare.net,28.0,2018.0,1 year subscription,No,9212.342,Windows,No,0,OH,americanexpress,3.75E+14,2019.0,7:57,4.0,http://dummyimage.com/111x230.jpg/ff4444/ffffff,277-466-9544,Working Professional,12/17/2017,12,18084.684,593
583,Haley Greensted,hgreenstedg7@skype.com,36.0,2018.0,Free users subscription,No,5686.458,MAC,Yes,1,LA,jcb,3.55E+15,2018.0,12:27,5.0,http://dummyimage.com/201x200.bmp/5fa2dd/ffffff,826-904-1345,Home maker,8/26/2018,0,11032.916,341
585,Winifield Simoneau,wsimoneaug9@1und1.de,63.0,2018.0,3 month subscription,No,1443.384,UNIX,Yes,1,CA,mastercard,5.00E+15,2018.0,8:27,4.0,http://dummyimage.com/133x178.jpg/dddddd/000000,464-109-2267,Unemployed,4/5/2019,3,2546.768,119
588,Matteo Kmietsch,mkmietschgc@comcast.net,49.0,2018.0,3 month subscription,No,4384.596,UNIX,No,0,CA,jcb,3.54E+15,2018.0,19:02,3.0,http://dummyimage.com/158x154.bmp/5fa2dd/ffffff,933-944-7893,Businessman,5/15/2018,3,8429.192,444
589,Goraud Narey,gnareygd@cafepress.com,37.0,2018.0,Student Plan subscription,No,5890.138,Android,No,0,TX,china-unionpay,5.60E+15,2018.0,8:53,4.0,http://dummyimage.com/239x248.bmp/ff4444/ffffff,647-167-0941,Businessman,5/11/2018,24,11440.276,448
590,Roch O'Hara,roharage@nsw.gov.au,65.0,2018.0,1 year subscription,Yes,9656.943,Android,Yes,0,TX,maestro,6.76E+18,2018.0,11:24,5.0,http://dummyimage.com/154x113.png/dddddd/000000,648-751-9207,Working Professional,12/22/2018,12,18973.886,223
592,Ola Skaife,oskaifegg@oakley.com,54.0,2018.0,Free users subscription,Yes,7739.922,UNIX,Yes,0,MI,visa-electron,4.92E+15,2019.0,18:29,4.0,http://dummyimage.com/133x197.png/5fa2dd/ffffff,753-180-9527,Home maker,11/20/2017,0,15139.844,620
593,Tedra O'Connel,toconnelgh@howstuffworks.com,17.0,2018.0,1 month subscription,Yes,6947.892,Windows,No,1,NJ,jcb,3.57E+15,2018.0,6:06,5.0,http://dummyimage.com/207x211.png/ff4444/ffffff,863-488-6944,Home maker,4/11/2018,1,13555.784,478
594,Shandy Polland,spollandgi@intel.com,21.0,2018.0,1 month subscription,No,5385.312,UNIX,No,1,OH,americanexpress,3.74E+14,2018.0,9:52,5.0,http://dummyimage.com/122x210.jpg/cc0000/ffffff,938-108-1025,Home maker,1/7/2019,1,10430.624,207
595,Killie Ionesco,kionescogj@ning.com,51.0,2018.0,Student Plan subscription,No,4537.124,MAC,Yes,0,CO,china-unionpay,5.60E+15,2019.0,13:44,3.0,http://dummyimage.com/176x228.png/cc0000/ffffff,670-856-6246,Student,6/12/2019,24,8734.248,51
603,Gratia Maylin,gmaylingr@godaddy.com,22.0,2018.0,Free users subscription,Yes,8065.809,Android,No,0,MO,jcb,3.55E+15,2019.0,23:37,3.0,http://dummyimage.com/102x227.png/cc0000/ffffff,142-896-3474,Student,4/13/2018,0,15791.618,476
605,Patton Kenwright,pkenwrightgt@google.com.br,19.0,2018.0,Family Plan subscription,No,7342.168,Windows,No,0,TX,jcb,3.57E+15,2018.0,14:55,4.0,http://dummyimage.com/128x166.jpg/cc0000/ffffff,532-939-7015,Businessman,3/4/2018,4,14344.336,516
606,Benton Berggren,bberggrengu@networksolutions.com,63.0,2018.0,3 month subscription,Yes,871.276,Windows,No,1,AZ,jcb,3.57E+15,2018.0,0:54,4.0,http://dummyimage.com/182x115.jpg/5fa2dd/ffffff,743-624-5543,Unemployed,3/21/2019,3,1402.552,134
607,Riane Tales,rtalesgv@yolasite.com,52.0,2018.0,6 month subscription,No,7083.732,MAC,Yes,0,FL,jcb,3.53E+15,2019.0,10:04,5.0,http://dummyimage.com/192x140.jpg/5fa2dd/ffffff,838-887-1664,Unemployed,5/18/2019,6,13827.464,76
609,Linet Witherup,lwitherupgx@baidu.com,70.0,2018.0,Student Plan subscription,Yes,909.365,Android,No,0,TX,jcb,3.57E+15,2018.0,3:39,3.0,http://dummyimage.com/135x130.png/5fa2dd/ffffff,598-127-3587,Home maker,11/19/2017,24,1478.73,621
612,Ravi Badsey,rbadseyh0@wikia.com,30.0,2018.0,6 month subscription,No,8086.386,Windows,Yes,0,VA,solo,6.33E+18,2018.0,20:55,2.0,http://dummyimage.com/218x222.bmp/5fa2dd/ffffff,494-598-2061,Working Professional,9/13/2017,6,15832.772,688
613,Clementine Buckam,cbuckamh1@topsy.com,68.0,2018.0,6 month subscription,Yes,3569.518,Windows,No,0,AZ,jcb,3.53E+15,2019.0,7:05,5.0,http://dummyimage.com/223x175.bmp/cc0000/ffffff,989-561-4243,Working Professional,6/12/2019,6,6799.036,51
616,Jackie Monson,jmonsonh4@trellian.com,32.0,2018.0,3 month subscription,No,7496.988,UNIX,No,0,AZ,jcb,3.58E+15,2018.0,14:12,4.0,http://dummyimage.com/185x143.jpg/cc0000/ffffff,975-841-9050,Other,11/15/2018,3,14653.976,260
619,Otha Barents,obarentsh7@geocities.jp,38.0,2018.0,Free users subscription,No,9873.709,Windows,No,0,DC,maestro,6.76E+17,2018.0,19:12,3.0,http://dummyimage.com/218x136.bmp/ff4444/ffffff,840-560-4501,Home maker,7/20/2019,0,19407.418,13
623,Adan Milne,amilnehb@omniture.com,57.0,2018.0,Free users subscription,No,8347.605,MAC,No,0,CA,jcb,3.55E+15,2018.0,11:19,4.0,http://dummyimage.com/158x157.jpg/5fa2dd/ffffff,114-170-9252,Unemployed,1/1/2018,0,16355.21,578
626,Arnaldo Iglesias,aiglesiashe@hp.com,34.0,2018.0,Family Plan subscription,Yes,3621.499,Windows,Yes,0,WA,americanexpress,3.38E+14,2019.0,5:53,2.0,http://dummyimage.com/201x132.png/ff4444/ffffff,958-945-6192,Businessman,10/7/2017,4,6902.998,664
632,Morris Stockton,mstocktonhk@sbwire.com,70.0,2018.0,Family Plan subscription,No,6257.112,Android,No,1,AZ,jcb,3.58E+15,2019.0,8:18,3.0,http://dummyimage.com/184x164.png/dddddd/000000,739-379-7933,Working Professional,10/3/2017,4,12174.224,668
643,Nester Rispin,nrispinhv@weather.com,55.0,2018.0,3 month subscription,No,2599.424,MAC,Yes,0,CA,mastercard,5.34E+15,2018.0,3:54,5.0,http://dummyimage.com/168x131.png/ff4444/ffffff,452-291-4718,Businessman,4/8/2018,3,4858.848,481
648,Miof mela Brinicombe,mmelai0@who.int,32.0,2018.0,1 month subscription,Yes,8967.618,Windows,No,1,WV,jcb,3.59E+15,2018.0,22:09,3.0,http://dummyimage.com/129x189.jpg/ff4444/ffffff,531-633-2727,Other,3/23/2019,1,17595.236,132
649,Hilde Joseland,hjoselandi1@icq.com,27.0,2018.0,Free users subscription,No,5387.015,Windows,Yes,0,NC,jcb,3.56E+15,2018.0,22:38,4.0,http://dummyimage.com/103x164.bmp/cc0000/ffffff,974-637-5522,Home maker,3/23/2018,0,10434.03,497
651,Curtis Byart,cbyarti3@alibaba.com,47.0,2018.0,1 year subscription,Yes,8817.986,Windows,Yes,0,TX,laser,6.71E+15,2018.0,3:11,3.0,http://dummyimage.com/238x159.jpg/5fa2dd/ffffff,992-442-5496,Home maker,5/20/2018,12,17295.972,439
658,Kienan Ditts,kdittsia@addthis.com,62.0,2018.0,6 month subscription,Yes,4572.514,MAC,Yes,1,VA,mastercard,5.33E+15,2018.0,8:23,5.0,http://dummyimage.com/249x144.png/dddddd/000000,405-493-1094,Home maker,3/17/2018,6,8805.028,503
665,Margy Frigout,mfrigoutih@diigo.com,38.0,2018.0,Free users subscription,No,7290.521,Android,No,0,CA,maestro,6.76E+15,2019.0,21:55,2.0,http://dummyimage.com/234x171.png/dddddd/000000,102-665-9820,Businessman,11/1/2018,0,14241.042,274
670,Lissy Blazi,lblaziim@ask.com,70.0,2018.0,1 month subscription,Yes,2500.183,MAC,Yes,0,KY,china-unionpay,5.60E+17,2019.0,4:06,4.0,http://dummyimage.com/201x120.jpg/ff4444/ffffff,396-329-1242,Working Professional,2/26/2018,1,4660.366,522
671,Idette Sleath,isleathin@theguardian.com,64.0,2018.0,3 month subscription,No,8171.102,MAC,Yes,1,CA,jcb,3.56E+15,2018.0,6:55,3.0,http://dummyimage.com/146x199.bmp/5fa2dd/ffffff,657-765-6890,Working Professional,9/5/2018,3,16002.204,331
673,Elisa Harrower,eharrowerip@arstechnica.com,53.0,2018.0,Family Plan subscription,Yes,4923.561,Android,Yes,0,MO,jcb,3.57E+15,2018.0,22:34,3.0,http://dummyimage.com/161x132.jpg/dddddd/000000,521-106-8877,Home maker,2/25/2018,4,9507.122,523
678,Angelina Gloster,aglosteriu@pbs.org,44.0,2018.0,Free users subscription,Yes,8597.929,Android,No,1,CA,mastercard,5.42E+15,2019.0,19:43,4.0,http://dummyimage.com/229x225.png/5fa2dd/ffffff,661-341-6122,Other,11/29/2018,0,16855.858,246
680,Pepillo Scholler,pscholleriw@addtoany.com,46.0,2018.0,Free users subscription,No,4464.404,Android,No,1,FL,jcb,3.57E+15,2018.0,21:46,2.0,http://dummyimage.com/107x163.png/cc0000/ffffff,531-683-9761,Student,4/9/2018,0,8588.808,480
681,Skipton Wilcot,swilcotix@miitbeian.gov.cn,52.0,2018.0,1 year subscription,No,3913.653,UNIX,Yes,0,KS,laser,6.71E+15,2018.0,15:25,3.0,http://dummyimage.com/229x207.bmp/dddddd/000000,520-714-3033,Unemployed,1/17/2019,12,7487.306,197
683,Arly Bum,abumiz@state.gov,15.0,2018.0,Family Plan subscription,No,721.427,Windows,Yes,1,FL,china-unionpay,5.60E+16,2018.0,18:12,3.0,http://dummyimage.com/163x209.jpg/ff4444/ffffff,526-729-6981,Working Professional,1/16/2019,4,1102.854,198
684,Doralynne Gori,dgorij0@fc2.com,37.0,2018.0,3 month subscription,Yes,1453.638,Android,Yes,0,DC,jcb,3.55E+15,2018.0,0:34,5.0,http://dummyimage.com/125x157.jpg/5fa2dd/ffffff,194-782-8827,Unemployed,10/29/2018,3,2567.276,277
687,Kelsi Patria,kpatriaj3@google.it,24.0,2018.0,Family Plan subscription,No,3017.412,UNIX,Yes,1,TX,switch,4.90E+18,2018.0,5:02,3.0,http://dummyimage.com/243x173.jpg/cc0000/ffffff,514-659-6646,Businessman,12/23/2018,4,5694.824,222
688,Mirilla Claasen,mclaasenj4@illinois.edu,56.0,2018.0,Student Plan subscription,No,6955.184,MAC,No,1,NC,mastercard,5.00E+15,2018.0,2:39,4.0,http://dummyimage.com/183x193.jpg/dddddd/000000,878-508-6441,Student,12/28/2017,24,13570.368,582
693,Cort Markussen,cmarkussenj9@stanford.edu,32.0,2018.0,1 year subscription,No,3177.959,Windows,Yes,0,OR,diners-club-enroute,2.02E+14,2019.0,16:08,4.0,http://dummyimage.com/102x149.png/dddddd/000000,632-231-5160,Other,9/3/2018,12,6015.918,333
695,Riccardo McElvine,rmcelvinejb@ovh.net,19.0,2018.0,Free users subscription,Yes,7085.624,Android,Yes,1,FL,china-unionpay,5.60E+16,2019.0,12:32,2.0,http://dummyimage.com/245x239.jpg/cc0000/ffffff,550-957-1053,Home maker,5/1/2019,0,13831.248,93
699,Brody Verring,bverringjf@washington.edu,52.0,2018.0,Family Plan subscription,Yes,2075.858,MAC,Yes,0,TX,mastercard,5.10E+15,2018.0,11:06,3.0,http://dummyimage.com/119x121.jpg/5fa2dd/ffffff,183-989-5313,Businessman,9/8/2017,4,3811.7160000000003,693
702,Owen Otton,oottonji@nymag.com,52.0,2018.0,3 month subscription,No,5887.104,Windows,No,0,IA,jcb,3.55E+15,2018.0,15:36,2.0,http://dummyimage.com/247x206.bmp/5fa2dd/ffffff,542-335-5327,Working Professional,3/16/2018,3,11434.208,504
706,Denys Enden,dendenjm@discovery.com,37.0,2018.0,1 year subscription,No,5124.223,UNIX,No,0,AR,jcb,3.54E+15,2018.0,1:43,3.0,http://dummyimage.com/158x182.png/dddddd/000000,644-940-3039,Unemployed,3/18/2018,12,9908.446,502
708,Tally Malia,tmaliajo@mysql.com,65.0,2018.0,3 month subscription,Yes,7426.797,MAC,Yes,0,CT,mastercard,5.54E+15,2018.0,20:06,5.0,http://dummyimage.com/120x133.jpg/dddddd/000000,669-360-3269,Working Professional,4/16/2018,3,14513.594,473
709,Inger Desaur,idesaurjp@creativecommons.org,42.0,2018.0,3 month subscription,Yes,7226.586,MAC,No,1,NY,jcb,3.57E+15,2018.0,17:00,3.0,http://dummyimage.com/206x169.bmp/5fa2dd/ffffff,732-478-5581,Other,5/17/2019,3,14113.172,77
710,Allyson Ethridge,aethridgejq@chronoengine.com,26.0,2018.0,Family Plan subscription,No,4822.254,Android,Yes,1,PA,visa-electron,4.51E+15,2018.0,3:50,3.0,http://dummyimage.com/155x241.jpg/ff4444/ffffff,743-577-6072,Home maker,9/23/2018,4,9304.508,313
711,Kally Coxhead,kcoxheadjr@biglobe.ne.jp,50.0,2018.0,3 month subscription,No,9614.646,Android,Yes,1,OH,laser,6.71E+15,2019.0,19:34,2.0,http://dummyimage.com/100x175.png/5fa2dd/ffffff,130-996-9933,Businessman,9/21/2018,3,18889.292,315
713,Akim Godmar,agodmarjt@youtube.com,15.0,2018.0,6 month subscription,Yes,5819.65,Windows,No,1,LA,instapayment,6.38E+15,2019.0,13:16,4.0,http://dummyimage.com/115x239.jpg/ff4444/ffffff,552-387-4302,Unemployed,10/28/2017,6,11299.3,643
715,De Anselm,danselmjv@rambler.ru,23.0,2018.0,1 month subscription,No,3141.251,Android,Yes,0,NY,jcb,3.57E+15,2018.0,14:12,3.0,http://dummyimage.com/209x241.jpg/ff4444/ffffff,888-883-1012,Working Professional,7/17/2018,1,5942.502,381
719,Paige Rubinfajn,prubinfajnjz@marketwatch.com,15.0,2018.0,1 year subscription,Yes,8642.351,UNIX,No,1,MI,jcb,3.57E+15,2018.0,11:13,3.0,http://dummyimage.com/207x150.bmp/5fa2dd/ffffff,384-474-1016,Home maker,12/8/2018,12,16944.702,237
721,Aime Crossby,acrossbyk1@cdbaby.com,34.0,2018.0,Free users subscription,No,5687.614,MAC,No,0,FL,visa,4.04E+15,2018.0,7:05,3.0,http://dummyimage.com/111x186.bmp/dddddd/000000,694-776-5883,Student,3/9/2019,0,11035.228,146
724,Gussi Blakes,gblakesk4@ow.ly,35.0,2018.0,1 year subscription,Yes,5361.344,MAC,Yes,0,FL,solo,6.33E+18,2018.0,22:24,4.0,http://dummyimage.com/212x150.bmp/dddddd/000000,145-790-0331,Working Professional,6/17/2018,12,10382.688,411
726,Lars Gowanson,lgowansonk6@abc.net.au,63.0,2018.0,1 year subscription,Yes,46.121,Windows,Yes,1,OH,jcb,3.55E+15,2018.0,13:57,4.0,http://dummyimage.com/168x158.bmp/ff4444/ffffff,745-183-1177,Unemployed,9/3/2018,12,-247.75799999999998,333
728,Jeannine Wintringham,jwintringhamk8@disqus.com,65.0,2018.0,Family Plan subscription,Yes,1036.032,Windows,Yes,1,NC,mastercard,5.28E+15,2019.0,21:50,4.0,http://dummyimage.com/175x209.png/cc0000/ffffff,717-815-0102,Other,12/12/2018,4,1732.0639999999999,233
735,Artie Eagan,aeagankf@princeton.edu,60.0,2018.0,1 month subscription,No,9756.901,UNIX,Yes,0,TX,visa-electron,4.51E+15,2018.0,12:41,3.0,http://dummyimage.com/214x227.png/ff4444/ffffff,588-333-9571,Working Professional,12/30/2018,1,19173.802,215
739,Godfree Phipp,gphippkj@patch.com,70.0,2018.0,Free users subscription,Yes,3165.451,UNIX,No,0,PA,diners-club-carte-blanche,3.03E+13,2018.0,12:04,2.0,http://dummyimage.com/133x111.jpg/ff4444/ffffff,552-636-0633,Home maker,12/14/2017,0,5990.902,596
741,Selestina Rowston,srowstonkl@wp.com,43.0,2018.0,Free users subscription,Yes,4836.662,Windows,Yes,0,MO,jcb,3.58E+15,2018.0,11:33,4.0,http://dummyimage.com/139x148.jpg/ff4444/ffffff,504-953-7976,Student,7/8/2018,0,9333.324,390
743,Edythe Runham,erunhamkn@histats.com,40.0,2018.0,3 month subscription,Yes,9429.603,UNIX,Yes,0,TN,jcb,3.54E+15,2018.0,12:36,4.0,http://dummyimage.com/171x106.png/dddddd/000000,474-210-3081,Student,4/22/2018,3,18519.206,467
744,Edan Lodemann,elodemannko@multiply.com,26.0,2018.0,Student Plan subscription,No,6428.721,MAC,Yes,1,NY,visa-electron,4.51E+15,2018.0,7:45,4.0,http://dummyimage.com/240x124.bmp/ff4444/ffffff,880-901-5380,Unemployed,1/30/2018,24,12517.442,549
755,Jaquelyn Buckland,jbucklandkz@apache.org,56.0,2018.0,Student Plan subscription,Yes,6509.955,MAC,Yes,0,CA,laser,6.71E+16,2018.0,10:58,3.0,http://dummyimage.com/167x139.jpg/cc0000/ffffff,304-386-4420,Businessman,12/5/2018,24,12679.91,240
757,Vilma Ungerechts,vungerechtsl1@google.pl,28.0,2018.0,Family Plan subscription,Yes,104.422,Android,No,1,TX,americanexpress,3.75E+14,2018.0,0:12,5.0,http://dummyimage.com/228x178.bmp/dddddd/000000,407-505-8206,Businessman,7/4/2018,4,-131.156,394
758,Stephine Fantini,sfantinil2@nps.gov,35.0,2018.0,Family Plan subscription,No,8551.695,Android,Yes,1,OK,diners-club-enroute,2.02E+14,2018.0,4:33,4.0,http://dummyimage.com/192x131.bmp/cc0000/ffffff,768-321-3921,Student,2/7/2019,4,16763.39,176
759,Georgiana Slimmon,gslimmonl3@dailymail.co.uk,22.0,2018.0,Family Plan subscription,No,5895.39,Windows,Yes,0,NC,jcb,3.58E+15,2018.0,19:04,5.0,http://dummyimage.com/221x192.bmp/ff4444/ffffff,994-367-1233,Student,10/5/2017,4,11450.78,666
760,Arvie Eefting,aeeftingl4@mapquest.com,60.0,2018.0,Family Plan subscription,No,2390.522,Windows,No,0,SC,diners-club-enroute,2.02E+14,2019.0,7:32,5.0,http://dummyimage.com/224x201.bmp/cc0000/ffffff,905-826-5016,Businessman,8/9/2018,4,4441.044,358
764,Wilbur Kira,wkiral8@bbb.org,37.0,2018.0,6 month subscription,Yes,7110.488,Windows,No,0,NC,mastercard,5.25E+15,2019.0,15:41,2.0,http://dummyimage.com/167x191.png/cc0000/ffffff,120-863-8570,Home maker,12/8/2018,6,13880.976,237
765,Lois Trenbey,ltrenbeyl9@mozilla.com,49.0,2018.0,3 month subscription,No,6228.768,Android,Yes,1,CO,jcb,3.58E+15,2018.0,15:07,4.0,http://dummyimage.com/200x217.bmp/dddddd/000000,304-920-9887,Student,8/6/2018,3,12117.536,361
767,Evelin Kiddie,ekiddielb@histats.com,40.0,2018.0,Student Plan subscription,Yes,8730.963,UNIX,Yes,1,TX,jcb,3.53E+15,2018.0,6:23,5.0,http://dummyimage.com/182x145.bmp/5fa2dd/ffffff,702-230-7062,Businessman,11/16/2017,24,17121.926,624
770,Egon Robke,erobkele@statcounter.com,56.0,2018.0,Family Plan subscription,No,5591.492,MAC,No,0,TX,jcb,3.55E+15,2019.0,22:50,5.0,http://dummyimage.com/248x156.png/dddddd/000000,663-260-8177,Businessman,10/6/2018,4,10842.984,300
773,Andeee Evequot,aevequotlh@yandex.ru,22.0,2018.0,1 year subscription,No,4471.789,Android,No,0,CA,switch,5.64E+18,2019.0,6:14,5.0,http://dummyimage.com/199x226.bmp/ff4444/ffffff,255-633-0310,Home maker,3/7/2018,12,8603.578,513
775,Alonso Rainbow,arainbowlj@ustream.tv,65.0,2018.0,3 month subscription,Yes,4666.861,Android,No,0,HI,diners-club-international,3.63E+13,2018.0,21:20,3.0,http://dummyimage.com/120x181.bmp/cc0000/ffffff,723-356-8198,Businessman,7/19/2018,3,8993.722,379
777,Mercedes Mably,mmablyll@cnbc.com,33.0,2018.0,1 year subscription,No,6309.24,MAC,No,1,MN,jcb,3.53E+15,2018.0,6:10,3.0,http://dummyimage.com/208x193.png/cc0000/ffffff,681-580-5634,Home maker,11/6/2017,12,12278.48,634
778,Vikky Glowacz,vglowaczlm@dailymail.co.uk,49.0,2018.0,1 month subscription,Yes,1485.49,UNIX,Yes,0,FL,diners-club-us-ca,5.48E+15,2018.0,0:09,4.0,http://dummyimage.com/218x123.png/ff4444/ffffff,437-782-5636,Other,2/20/2019,1,2630.98,163
780,Martguerita Janko,mjankolo@bbb.org,16.0,2018.0,1 year subscription,No,8068.808,MAC,No,0,MD,visa,4.02E+15,2018.0,0:16,4.0,http://dummyimage.com/118x237.jpg/5fa2dd/ffffff,211-372-3172,Unemployed,2/14/2019,12,15797.616,169
783,Wynne Cast,wcastlr@nymag.com,42.0,2018.0,Free users subscription,Yes,4761.269,Windows,No,1,FL,china-unionpay,5.60E+16,2018.0,14:31,2.0,http://dummyimage.com/249x249.jpg/dddddd/000000,938-306-9056,Businessman,1/25/2019,0,9182.538,189
784,Berkly Akast,bakastls@scientificamerican.com,20.0,2018.0,6 month subscription,No,8653.637,MAC,No,0,NY,jcb,3.58E+15,2019.0,16:15,5.0,http://dummyimage.com/182x123.bmp/ff4444/ffffff,505-364-8746,Other,7/20/2018,6,16967.274,378
785,Maxie Borgars,mborgarslt@delicious.com,17.0,2018.0,1 year subscription,Yes,8344.722,Windows,No,1,NJ,jcb,3.55E+15,2018.0,22:13,4.0,http://dummyimage.com/123x200.png/ff4444/ffffff,788-435-6156,Working Professional,12/19/2017,12,16349.444,591
786,Bernhard Tallon,btallonlu@miibeian.gov.cn,31.0,2018.0,Family Plan subscription,Yes,215.568,Android,Yes,1,VA,instapayment,6.40E+15,2018.0,19:19,5.0,http://dummyimage.com/173x198.bmp/5fa2dd/ffffff,426-972-4450,Businessman,11/4/2017,4,91.13600000000002,636
797,Artemas Le Provest,alem5@wikipedia.org,29.0,2018.0,Free users subscription,Yes,8512.015,Windows,No,0,MI,jcb,3.56E+15,2018.0,9:59,5.0,http://dummyimage.com/191x167.bmp/5fa2dd/ffffff,791-855-5456,Home maker,12/20/2018,0,16684.03,225
804,Josh Arndtsen,jarndtsenmc@cocolog-nifty.com,17.0,2018.0,1 month subscription,Yes,1775.148,MAC,Yes,1,TX,instapayment,6.39E+15,2018.0,21:36,2.0,http://dummyimage.com/202x193.bmp/cc0000/ffffff,688-518-5854,Student,10/9/2018,1,3210.296,297
805,Donnajean McElrath,dmcelrathmd@rediff.com,65.0,2018.0,Free users subscription,Yes,4270.698,Android,No,0,UT,jcb,3.54E+15,2018.0,9:49,4.0,http://dummyimage.com/211x115.bmp/5fa2dd/ffffff,146-878-4110,Home maker,1/17/2019,0,8201.396,197
806,Steward Curnokk,scurnokkme@sbwire.com,61.0,2018.0,Family Plan subscription,Yes,7528.135,Windows,No,0,CA,bankcard,5.60E+15,2019.0,22:21,2.0,http://dummyimage.com/103x246.bmp/dddddd/000000,121-472-0755,Student,8/25/2018,4,14716.27,342
807,Niels Ovise,novisemf@forbes.com,24.0,2018.0,Student Plan subscription,No,4005.963,UNIX,Yes,1,CO,jcb,3.53E+15,2018.0,23:24,2.0,http://dummyimage.com/162x249.bmp/ff4444/ffffff,954-833-4054,Student,1/5/2019,24,7671.926,209
808,Jackelyn Everleigh,jeverleighmg@usa.gov,57.0,2018.0,3 month subscription,Yes,7599.506,Windows,No,0,NC,diners-club-enroute,2.01E+14,2018.0,11:48,5.0,http://dummyimage.com/145x110.jpg/dddddd/000000,306-377-6683,Unemployed,4/5/2019,3,14859.012,119
809,Gigi Garthshore,ggarthshoremh@skype.com,16.0,2018.0,1 month subscription,Yes,4988.006,MAC,Yes,1,IA,solo,6.33E+15,2018.0,13:22,3.0,http://dummyimage.com/166x183.bmp/cc0000/ffffff,408-981-1881,Student,4/21/2018,1,9636.012,468
812,Gill Hubbart,ghubbartmk@businesswire.com,25.0,2018.0,1 year subscription,Yes,3464.706,Windows,Yes,0,TX,jcb,3.55E+15,2018.0,14:35,2.0,http://dummyimage.com/210x203.jpg/dddddd/000000,271-411-5261,Home maker,3/26/2019,12,6589.412,129
813,Dunn MacLice,dmacliceml@ox.ac.uk,32.0,2018.0,Family Plan subscription,No,4251.129,MAC,No,1,UT,jcb,3.57E+15,2018.0,6:57,3.0,http://dummyimage.com/217x125.jpg/ff4444/ffffff,211-372-2040,Other,2/20/2018,4,8162.258,528
815,Kaela Oultram,koultrammn@deviantart.com,56.0,2018.0,3 month subscription,Yes,1644.446,UNIX,Yes,0,CA,instapayment,6.40E+15,2018.0,17:08,3.0,http://dummyimage.com/209x151.jpg/ff4444/ffffff,765-334-2297,Home maker,10/26/2018,3,2948.892,280
818,Launce Vigneron,lvigneronmq@bloomberg.com,61.0,2018.0,1 month subscription,No,6473.874,UNIX,Yes,1,NJ,jcb,3.55E+15,2018.0,21:59,4.0,http://dummyimage.com/138x192.bmp/cc0000/ffffff,133-530-0022,Home maker,1/17/2019,1,12607.748,197
822,Judy Melliard,jmelliardmu@oracle.com,17.0,2018.0,3 month subscription,No,8205.48,Windows,No,1,GA,maestro,6.30E+18,2018.0,10:37,4.0,http://dummyimage.com/212x166.jpg/ff4444/ffffff,655-172-8580,Unemployed,2/28/2019,3,16070.96,155
824,Asa Windle,awindlemw@reddit.com,23.0,2018.0,Student Plan subscription,Yes,1907.903,Android,No,0,NY,jcb,3.59E+15,2019.0,11:17,5.0,http://dummyimage.com/189x134.jpg/5fa2dd/ffffff,181-512-4541,Other,6/11/2018,24,3475.806,417
827,Manny Lidden,mliddenmz@yellowbook.com,35.0,2018.0,Family Plan subscription,Yes,8362.593,Android,No,0,WA,jcb,3.55E+15,2019.0,19:01,3.0,http://dummyimage.com/144x134.bmp/5fa2dd/ffffff,613-789-4815,Businessman,6/30/2018,4,16385.186,398
832,Merrily Skerritt,mskerrittn4@reverbnation.com,51.0,2018.0,1 year subscription,Yes,1043.257,MAC,No,0,DC,switch,6.33E+17,2018.0,1:28,2.0,http://dummyimage.com/153x170.jpg/5fa2dd/ffffff,740-957-4370,Other,10/25/2017,12,1746.5140000000001,646
834,Con Pittway,cpittwayn6@paypal.com,43.0,2018.0,6 month subscription,Yes,2024.508,UNIX,No,0,OH,jcb,3.54E+15,2018.0,13:48,4.0,http://dummyimage.com/151x199.jpg/5fa2dd/ffffff,611-295-9136,Other,10/5/2017,6,3709.016,666
835,Kylie Sercombe,ksercomben7@twitpic.com,27.0,2018.0,Free users subscription,No,9202.718,UNIX,Yes,1,CA,visa-electron,4.91E+15,2019.0,2:33,3.0,http://dummyimage.com/188x160.png/ff4444/ffffff,431-810-1096,Other,3/24/2018,0,18065.436,496
836,Aveline Dee,adeen8@go.com,32.0,2018.0,3 month subscription,Yes,8696.066,Android,Yes,1,LA,jcb,3.53E+15,2018.0,16:54,4.0,http://dummyimage.com/248x217.jpg/5fa2dd/ffffff,718-128-1726,Working Professional,11/8/2017,3,17052.132,632
840,Devan Gainsburgh,dgainsburghnc@intel.com,65.0,2018.0,3 month subscription,No,2391.591,UNIX,No,1,CA,jcb,3.56E+15,2018.0,5:52,3.0,http://dummyimage.com/180x236.bmp/5fa2dd/ffffff,242-954-6142,Home maker,7/27/2019,3,4443.182,6
842,Ring Bingell,rbingellne@behance.net,24.0,2018.0,6 month subscription,Yes,603.459,MAC,No,0,NH,jcb,3.53E+15,2019.0,2:32,4.0,http://dummyimage.com/120x237.bmp/dddddd/000000,766-538-5870,Unemployed,4/28/2019,6,866.9179999999999,96
845,Northrup Poxson,npoxsonnh@delicious.com,28.0,2018.0,Student Plan subscription,Yes,6875.308,Android,Yes,1,IN,jcb,3.54E+15,2019.0,6:20,4.0,http://dummyimage.com/181x131.png/dddddd/000000,171-481-5482,Other,5/3/2019,24,13410.616,91
846,Miner Manners,mmannersni@china.com.cn,68.0,2018.0,1 year subscription,Yes,5903.579,Android,No,1,IN,instapayment,6.39E+15,2019.0,9:41,2.0,http://dummyimage.com/239x238.bmp/5fa2dd/ffffff,207-560-5200,Student,9/7/2017,12,11467.158,694
848,Georgiana Bainbrigge,gbainbriggenk@deviantart.com,35.0,2018.0,1 year subscription,No,4689.964,Android,Yes,0,PA,jcb,3.55E+15,2019.0,13:20,4.0,http://dummyimage.com/178x157.png/cc0000/ffffff,516-913-4388,Home maker,10/12/2018,12,9039.928,294
855,Chaddie Blaes,cblaesnr@columbia.edu,17.0,2018.0,Free users subscription,Yes,3020.301,Android,No,1,CA,diners-club-international,3.60E+13,2018.0,14:16,2.0,http://dummyimage.com/124x132.png/5fa2dd/ffffff,741-638-0140,Home maker,5/29/2019,0,5700.602,65
856,Anna-diana Iliffe,ailiffens@altervista.org,64.0,2018.0,Family Plan subscription,Yes,6219.934,Android,Yes,1,MO,visa-electron,4.51E+15,2018.0,2:15,3.0,http://dummyimage.com/223x244.bmp/dddddd/000000,411-945-3551,Unemployed,9/30/2018,4,12099.868,306
859,Daisie Esposi,desposinv@home.pl,39.0,2018.0,Family Plan subscription,No,6423.589,Windows,Yes,1,NY,jcb,3.58E+15,2019.0,4:27,3.0,http://dummyimage.com/105x116.png/5fa2dd/ffffff,702-133-4300,Unemployed,4/25/2019,4,12507.178,99
864,Elston Januszkiewicz,ejanuszkiewiczo0@usgs.gov,67.0,2018.0,3 month subscription,No,56.585,MAC,No,0,TX,laser,6.71E+17,2018.0,3:59,2.0,http://dummyimage.com/232x136.png/ff4444/ffffff,194-205-5629,Unemployed,7/18/2018,3,-226.82999999999998,380
865,Win Bengefield,wbengefieldo1@gizmodo.com,61.0,2018.0,1 year subscription,Yes,5419.346,Android,No,1,NJ,instapayment,6.38E+15,2018.0,12:22,3.0,http://dummyimage.com/248x154.jpg/ff4444/ffffff,525-394-4539,Student,3/17/2018,12,10498.692,503
866,Mort Wilson,mwilsono2@cocolog-nifty.com,21.0,2018.0,1 month subscription,Yes,1495.805,Windows,No,1,PA,jcb,3.53E+15,2019.0,16:24,4.0,http://dummyimage.com/107x229.bmp/ff4444/ffffff,996-996-8003,Home maker,9/10/2018,1,2651.61,326
868,Melissa Fargher,mfarghero4@businessweek.com,16.0,2018.0,Student Plan subscription,Yes,9907.354,UNIX,Yes,0,HI,jcb,3.55E+15,2019.0,5:28,5.0,http://dummyimage.com/217x242.bmp/dddddd/000000,698-930-1496,Other,1/19/2019,24,19474.708,195
869,Madge Ogelbe,mogelbeo5@github.io,45.0,2018.0,6 month subscription,Yes,4593.879,MAC,No,0,WV,jcb,3.58E+15,2018.0,7:54,4.0,http://dummyimage.com/101x106.bmp/ff4444/ffffff,528-618-8519,Other,2/7/2018,6,8847.758,541
874,Annora Salla,asallaoa@imgur.com,57.0,2018.0,Student Plan subscription,Yes,1813.377,MAC,No,1,OH,bankcard,5.60E+15,2018.0,2:48,3.0,http://dummyimage.com/117x229.jpg/ff4444/ffffff,730-796-0626,Unemployed,3/29/2018,24,3286.754,491
875,Rock Jeffrey,rjeffreyob@ftc.gov,44.0,2018.0,1 month subscription,Yes,5203.878,UNIX,No,0,NV,jcb,3.58E+15,2018.0,8:15,5.0,http://dummyimage.com/151x181.bmp/5fa2dd/ffffff,922-803-0175,Unemployed,6/5/2019,1,10067.756,58
883,Worden Gladwell,wgladwelloj@imageshack.us,67.0,2018.0,6 month subscription,Yes,4244.08,Windows,Yes,0,AZ,visa,4.04E+15,2019.0,3:45,5.0,http://dummyimage.com/146x175.jpg/cc0000/ffffff,998-124-0279,Student,6/11/2018,6,8148.16,417
888,Ilyse Datte,idatteoo@indiatimes.com,33.0,2018.0,1 year subscription,No,7681.627,UNIX,No,1,VA,china-unionpay,5.60E+17,2018.0,3:05,5.0,http://dummyimage.com/118x158.bmp/cc0000/ffffff,583-740-5353,Unemployed,1/15/2018,12,15023.254,564
889,Urson Virgo,uvirgoop@tinyurl.com,38.0,2018.0,Free users subscription,Yes,9889.618,MAC,Yes,0,FL,jcb,3.57E+15,2018.0,19:28,2.0,http://dummyimage.com/140x114.jpg/5fa2dd/ffffff,913-684-4529,Unemployed,12/7/2018,0,19439.236,238
892,Skell MacDowall,smacdowallos@naver.com,33.0,2018.0,1 month subscription,Yes,6285.79,Windows,Yes,1,TX,diners-club-enroute,2.02E+14,2018.0,16:31,2.0,http://dummyimage.com/229x106.jpg/ff4444/ffffff,212-849-2302,Student,9/1/2017,1,12231.58,700
893,Jake Slowly,jslowlyot@samsung.com,38.0,2018.0,1 month subscription,Yes,5798.411,Android,No,1,NY,jcb,3.57E+15,2019.0,18:18,5.0,http://dummyimage.com/102x110.jpg/ff4444/ffffff,548-244-2666,Unemployed,8/31/2017,1,11256.822,701
895,Francklin Spir,fspirov@bloglovin.com,46.0,2018.0,3 month subscription,No,2403.041,Windows,No,1,CO,instapayment,6.37E+15,2019.0,7:45,4.0,http://dummyimage.com/213x146.bmp/5fa2dd/ffffff,606-427-7685,Businessman,12/3/2017,3,4466.082,607
899,Jackqueline Dennis,jdennisoz@smugmug.com,66.0,2018.0,Family Plan subscription,Yes,9402.144,MAC,No,1,MO,jcb,3.57E+15,2019.0,12:09,3.0,http://dummyimage.com/100x162.png/ff4444/ffffff,551-707-5960,Student,7/11/2018,4,18464.288,387
901,Vasily Siege,vsiegep1@reverbnation.com,27.0,2018.0,Student Plan subscription,No,6051.391,Windows,Yes,0,CA,jcb,3.55E+15,2018.0,12:28,4.0,http://dummyimage.com/214x170.png/dddddd/000000,462-924-9926,Unemployed,12/26/2017,24,11762.782,584
903,Rosamund Waycott,rwaycottp3@goo.gl,29.0,2018.0,1 year subscription,Yes,4230.397,Android,No,1,MI,jcb,3.53E+15,2018.0,6:53,4.0,http://dummyimage.com/227x141.png/5fa2dd/ffffff,621-220-4327,Home maker,5/11/2019,12,8120.794,83
908,Ramsey Pendreigh,rpendreighp8@abc.net.au,23.0,2018.0,6 month subscription,Yes,2876.709,Android,No,0,CA,maestro,6.76E+18,2018.0,19:51,3.0,http://dummyimage.com/115x188.png/5fa2dd/ffffff,211-946-2004,Unemployed,4/7/2018,6,5413.418,482
910,Leighton Glading,lgladingpa@intel.com,58.0,2018.0,3 month subscription,No,2535.88,MAC,Yes,1,TX,jcb,3.56E+15,2018.0,8:19,2.0,http://dummyimage.com/176x135.bmp/cc0000/ffffff,525-116-3032,Unemployed,8/2/2017,3,4731.76,730
911,Kimball Grieger,kgriegerpb@pen.io,18.0,2018.0,1 month subscription,Yes,3076.767,Windows,Yes,1,AL,jcb,3.56E+15,2018.0,1:20,2.0,http://dummyimage.com/137x235.jpg/cc0000/ffffff,547-949-4819,Working Professional,12/31/2017,1,5813.534,579
913,Hasty Malletratt,hmalletrattpd@posterous.com,28.0,2018.0,6 month subscription,Yes,2495.781,Windows,No,1,IN,switch,4.91E+15,2018.0,12:29,5.0,http://dummyimage.com/230x202.bmp/5fa2dd/ffffff,753-978-8196,Other,11/24/2017,6,4651.562,616
919,Dacie Rebert,drebertpj@tumblr.com,57.0,2018.0,3 month subscription,Yes,3480.37,Android,No,0,NY,china-unionpay,5.60E+17,2018.0,5:07,3.0,http://dummyimage.com/117x245.png/dddddd/000000,121-978-1450,Home maker,5/14/2018,3,6620.74,445
920,Erwin Millthorpe,emillthorpepk@list-manage.com,56.0,2018.0,Student Plan subscription,Yes,1481.065,MAC,Yes,1,AL,switch,4.91E+15,2019.0,4:41,4.0,http://dummyimage.com/216x184.bmp/cc0000/ffffff,309-647-5301,Working Professional,7/19/2019,24,2622.13,14
924,Bondy Mosedill,bmosedillpo@utexas.edu,15.0,2018.0,1 year subscription,Yes,5108.261,MAC,No,1,MI,jcb,3.57E+15,2019.0,15:22,4.0,http://dummyimage.com/209x115.png/ff4444/ffffff,166-876-6520,Student,10/27/2017,12,9876.522,644
927,Woodrow Salliere,wsallierepr@hatena.ne.jp,31.0,2018.0,Family Plan subscription,No,393.793,UNIX,No,1,CO,jcb,3.58E+15,2019.0,8:40,3.0,http://dummyimage.com/213x146.jpg/cc0000/ffffff,819-727-6830,Working Professional,10/15/2017,4,447.586,656
939,Daryl Caudwell,dcaudwellq3@opensource.org,38.0,2018.0,Family Plan subscription,Yes,4573.548,MAC,No,0,AL,visa,4.04E+12,2018.0,20:17,4.0,http://dummyimage.com/211x194.png/5fa2dd/ffffff,511-401-8815,Home maker,9/24/2018,4,8807.096,312
940,Clarinda Carss,ccarssq4@chron.com,49.0,2018.0,3 month subscription,Yes,8860.968,UNIX,No,1,TX,jcb,3.55E+15,2018.0,10:10,4.0,http://dummyimage.com/107x109.png/5fa2dd/ffffff,739-612-6968,Student,5/4/2018,3,17381.936,455
941,Jacki Rowlin,jrowlinq5@deliciousdays.com,61.0,2018.0,Family Plan subscription,No,1520.779,Android,No,0,CO,americanexpress,3.38E+14,2019.0,11:25,5.0,http://dummyimage.com/127x198.jpg/5fa2dd/ffffff,127-656-6155,Home maker,10/29/2017,4,2701.558,642
945,Matt Price,mpriceq9@wired.com,53.0,2018.0,Free users subscription,No,7469.272,Windows,Yes,0,KS,jcb,3.54E+15,2019.0,20:56,2.0,http://dummyimage.com/239x149.bmp/dddddd/000000,154-692-5223,Other,5/20/2018,0,14598.544,439
946,Wilfred Lutman,wlutmanqa@xinhuanet.com,30.0,2018.0,6 month subscription,No,9739.079,UNIX,No,1,MN,diners-club-enroute,2.02E+14,2018.0,13:29,2.0,http://dummyimage.com/240x227.bmp/5fa2dd/ffffff,921-155-0902,Working Professional,9/1/2017,6,19138.158,700
951,Alastair Jozefczak,ajozefczakqf@t.co,37.0,2018.0,Student Plan subscription,No,5708.406,UNIX,No,0,IL,maestro,6.76E+17,2018.0,11:58,3.0,http://dummyimage.com/162x141.jpg/dddddd/000000,980-611-8113,Other,10/16/2018,24,11076.812,290
953,Annnora Pietron,apietronqh@census.gov,33.0,2018.0,Free users subscription,Yes,5886.423,UNIX,No,1,FL,jcb,3.57E+15,2018.0,22:09,3.0,http://dummyimage.com/126x179.jpg/cc0000/ffffff,533-395-0277,Working Professional,8/20/2017,0,11432.846,712
957,Cristiano Clewlowe,cclewloweql@guardian.co.uk,52.0,2018.0,1 year subscription,No,6236.901,MAC,No,0,NY,mastercard,5.15E+15,2018.0,0:01,5.0,http://dummyimage.com/105x210.png/dddddd/000000,314-769-5179,Student,3/23/2019,12,12133.802,132
959,Wolfie Ruilton,wruiltonqn@adobe.com,24.0,2018.0,1 year subscription,Yes,7437.325,Android,Yes,0,FL,diners-club-us-ca,5.59E+15,2018.0,11:14,4.0,http://dummyimage.com/139x144.bmp/5fa2dd/ffffff,980-687-9246,Unemployed,1/31/2019,12,14534.65,183
961,Helenelizabeth Dymoke,hdymokeqp@latimes.com,24.0,2018.0,1 month subscription,No,9655.393,UNIX,Yes,0,FL,maestro,6.76E+18,2018.0,4:09,3.0,http://dummyimage.com/222x113.png/cc0000/ffffff,678-519-7414,Home maker,3/13/2018,1,18970.786,507
964,Humfrid Donat,hdonatqs@unblog.fr,26.0,2018.0,Family Plan subscription,Yes,3806.357,UNIX,Yes,1,FL,diners-club-enroute,2.01E+14,2018.0,6:58,5.0,http://dummyimage.com/153x182.bmp/ff4444/ffffff,208-120-5787,Businessman,5/11/2018,4,7272.714,448
967,Jeth Jannaway,jjannawayqv@qq.com,57.0,2018.0,Student Plan subscription,No,4355.892,UNIX,No,1,NY,jcb,3.57E+15,2018.0,0:17,5.0,http://dummyimage.com/218x159.bmp/5fa2dd/ffffff,308-723-5220,Unemployed,11/20/2017,24,8371.784,620
974,Rhianna Jekel,rjekelr2@sitemeter.com,62.0,2018.0,6 month subscription,No,1847.121,UNIX,Yes,1,DC,diners-club-carte-blanche,3.00E+13,2019.0,5:11,2.0,http://dummyimage.com/143x132.png/cc0000/ffffff,915-633-3048,Working Professional,7/1/2019,6,3354.242,32
979,Carrie Ioannidis,cioannidisr7@github.io,26.0,2018.0,1 year subscription,Yes,4095.59,MAC,Yes,0,AZ,mastercard,5.31E+15,2019.0,14:30,4.0,http://dummyimage.com/147x241.png/dddddd/000000,480-792-6035,Student,9/25/2017,12,7851.18,676
980,Dugald Piwall,dpiwallr8@qq.com,25.0,2018.0,Student Plan subscription,No,9449.649,Android,Yes,0,FL,visa,4.04E+12,2019.0,15:55,4.0,http://dummyimage.com/245x164.png/5fa2dd/ffffff,427-296-9256,Home maker,3/4/2018,24,18559.298,516
982,Shayna Giovannacc@i,sgiovannaccira@twitter.com,22.0,2018.0,Student Plan subscription,Yes,9973.92,UNIX,No,1,NY,jcb,3.58E+15,2019.0,5:27,2.0,http://dummyimage.com/163x183.jpg/ff4444/ffffff,737-228-9213,Student,5/18/2019,24,19607.84,76
983,Ferd Bowdon,fbowdonrb@usatoday.com,64.0,2018.0,1 year subscription,Yes,3668.342,MAC,No,1,FL,jcb,3.55E+15,2018.0,9:52,3.0,http://dummyimage.com/123x212.bmp/cc0000/ffffff,937-306-1202,Unemployed,9/1/2018,12,6996.684,335
984,Micky Louedey,mlouedeyrc@google.pl,24.0,2018.0,6 month subscription,Yes,5458.651,Windows,No,1,OH,switch,6.33E+15,2018.0,10:44,4.0,http://dummyimage.com/174x155.png/cc0000/ffffff,860-462-9484,Other,11/19/2017,6,10577.302,621
985,Fernande Dean,fdeanrd@tamu.edu,42.0,2018.0,Free users subscription,Yes,522.879,UNIX,Yes,1,NV,maestro,6.30E+18,2018.0,15:21,5.0,http://dummyimage.com/139x200.jpg/ff4444/ffffff,714-350-3741,Working Professional,8/27/2018,0,705.758,340
986,Bud McMullen,bmcmullenre@bbc.co.uk,39.0,2018.0,Free users subscription,No,6900.742,Windows,No,0,MI,jcb,3.58E+15,2018.0,11:50,2.0,http://dummyimage.com/147x250.png/cc0000/ffffff,709-424-9585,Other,6/9/2019,0,13461.484,54
990,Sky Rolfe,srolferi@1688.com,42.0,2018.0,1 month subscription,Yes,876.369,MAC,Yes,1,MO,americanexpress,3.74E+14,2018.0,23:45,4.0,http://dummyimage.com/233x235.bmp/dddddd/000000,619-298-4649,Home maker,8/21/2017,1,1412.738,711
991,Ninette Barkley,nbarkleyrj@ustream.tv,16.0,2018.0,Student Plan subscription,No,9353.214,Android,No,1,CT,jcb,3.54E+15,2018.0,10:25,3.0,http://dummyimage.com/102x236.jpg/cc0000/ffffff,442-779-3668,Home maker,11/15/2018,24,18366.428,260
996,Hillery Coling,hcolingro@jigsy.com,48.0,2018.0,3 month subscription,Yes,2589.858,Windows,No,0,TX,jcb,3.56E+15,2018.0,19:08,2.0,http://dummyimage.com/198x230.bmp/dddddd/000000,882-910-0346,Working Professional,4/29/2018,3,4839.716,460
997,Federico Bangs,fbangsrp@intel.com,60.0,2018.0,1 month subscription,Yes,4684.398,UNIX,Yes,0,MN,diners-club-carte-blanche,3.02E+13,2019.0,9:49,4.0,http://dummyimage.com/108x145.jpg/5fa2dd/ffffff,348-641-9159,Student,11/8/2017,1,9028.796,632
999,Darin Olner,dolnerrr@opensource.org,52.0,2018.0,1 month subscription,No,5093.509,MAC,Yes,0,AL,switch,5.64E+18,2019.0,6:57,3.0,http://dummyimage.com/124x178.jpg/5fa2dd/ffffff,229-699-2099,Student,3/1/2019,1,9847.018,154
